,content
0,광복절날 독립유공자 후손의집 고쳐드린 한국해비타드 .jpg
1,조민 저격하는 미국인.jpg
2,레고랜드에서 파는 물건에 치명적인 독극물 난리남
3,싱글벙글 모닝지구촌 0816
4,[단독]SNS 논란 판사 대법원 윤리감사실이 나섰다
5,유럽에선 수동차가 여전히 대세인 이유
6,싱글벙글 소설판 코믹 메이플스토리
7,이마트 매출 따라잡은 쿠팡 (feat. 마이너스의 손).jpg
8,장동건 고소영...광복절이 일본여행 사진 올려 ㄷㄷ...news
9,조국 영화 순위 조작 한 거 맞다네
10,"북, 월북 미군병사 한달만에 첫 언급…""망명의사 밝혀"""
11,여시)여사친 고민상담해준 남친 인스타디엠 공개한 여시녀
12,"빠니보틀, ""전 여친 사진 안 지운다"""
13,"미 국방부 '일본해' 명칭 고수하기로…""공식표기 맞다"""
14,"전북 ""잼버리는 성공했고 문제는 국민들이다"""
15,싱글벙글 버스 앞에서 난동 부린 여성
16,어메이징 목포 근황 ㄷㄷㄷㄷ.jpg
17,충격)요즘 이상하게 변한 나무위키 근황...jpg
18,깃쫄깃쫄 근본 시장 꽈배기 
19,신라 왕릉 비정 문제
20,블라)나중에 결혼후 출산전 내 몸 원복시킬 금액 3천 비밀?말해?-삼전녀
21,싱글벙글 한손 키보드질의 달인
22,오펜하이머 ㅅㅅ신 피해자 속출중...JPG
23,[단독] '잼버리 부지' 용도 변경하면 1846억 토해내야 한다
24,조선엘프의 내분 : 타임라인 M 02
25,늦은 인디카 직관 후기_프리레이스
26,싱글벙글 인류역사상 가장 철학적인 사진
27,싱글벙글 바펜하이머 VS 911테러 밈을 알아보자
28,미국 상원의원 랜드폴 의원 폭스뉴스....
29,제 친구 번개장터에서 조현병환자한테 잘못걸림 ㄷㄷ
30,훌쩍훌쩍 100년전 일본의 만행
31,발더스게이트3 관련해서 국내에서 억울하게 소환되는 개발자.JPG
32,아이유 친척 썰.ssul
33,치료해줘~!  1화
34,한국과 핀란드의 역사
35,싱글벙글 일본을 방문한 미국 핵개발자 / 진주만 방문 일카스
36,ROCK IN JAPAN 23 후기
37,"""여래의 마지막 유훈"".jpg"
38,일본 유튜버가 물어본 일본 남자 인기..JPG
39,싱글벙글 이기자부대 무박4일 수색대훈련...jpg
40,츠쿠요미 manhwa
41,업계 사람들이 BTS 입대를 아쉬워하는 이유.jpg
42,싱글벙글 주한미군이 철수해야 한다는 사람들
43,일본 레이트 마장가서 마작쳐본 만화 7.jpg
44,[프랑스 방랑기] 알프스 투어 3일차  마지막날
45,싱글벙글 고양이 밥주는.manhwa
46,지금 여초 남초에서 난리난 대형 사건...jpg ㅓㅜㅑ
47,다시봐도 아찔한 아동애니
48,우러전쟁 최신 근황 (군수공장 대폭발)
49,동난대 교수가 빌리빌리에 쓴 댓글(번역)
50,싱글벙글 지구상 최악의 난쟁이 국가....jpg 
51,영끌 주의) 세계 경제 상황 ㄷㄷㄷㄷ
52,일본 집이 추운 이유
53,서큐버스는 남자랑 해야 한다 8화.manhwa
54,갓본 헬스장 근황 ㅗㅜㅑ jpg
55,주지훈과 하정우의 뜨거운 눈물파티...jpg
56,싱글벙글 물수제비의 달인
57,기업이 3조원을 내다버리는 법
58,싱글벙글 코스프레 레전드 모음
59,미국이 독도 영유권을 인정하게 된 계기.jpg
60,세계복싱 1위가 길거리에서 싸우면?
61,스압주의) 충격 일본에서 약1700만명이 본 화제의 글
62,인류학자 미드가 생각하는 문명의 징조.jpg
63,유일하게 딱 한번 먼저 협업제의 했다가 까였다는 충주시 홍보맨
64,디즈니 라푼젤 실사화 진행소식....근황....jpg
65,싱글벙글 k-저작권
66,금사)나이트에서 금사가능?+불륜남의 이사+불륜남이 와이프랑 함
67,NTR당해버린 일본인 구독자들
68,망한머리 구조대 미용실형) 28탄 헤붕이의 슬픈 첫 경험...
69,싱글벙글 진짜 민주주의
70,씹덕씹덕 여태껏 리메이크된 애니들 알아보자
71,디아4 영상 최신 근황ㅋㅋㅋㅋㅋㅋㅋㅋㅋㅋㅋㅋ .jpg
72,일본 사진도둑 클라쓰
73,싱글벙글 미국의 역대급 보복에 당한 중국
74,꼴아박고 있는 제주 관광...jpg
75,여시)한명만 더 섭외하면 월클 토템 완성하는 피식쇼.jpg
76,몰락몰락 조선시대
77,알면 유용한 대화 방법...JPG
78,해념) 이강인이 사생활 존중받아야하는 eu
79," '잼버리 돈잔치' 부안군, 자전거-태권도 단체 5억 뿌려"
80,싱글벙글 PC때문에 광기에 휩싸인 미국
81,요즘 짱깨들 새로운 혐한수법...jpg
82,윤성빈 휴지기 내추럴시절
83,싱글벙글 파이어 페스티벌
84,블라)사랑받고싶다(동거전전남친청첩장의사후기글)+글쓴의사와이프입니다
85,광복절 기념 탈조선 친일파 가문 인증 레전드
86,싱글벙글 각 나라별 요괴와 괴물들
87,오늘자 일본 성추행 근황...
88,"[단독] 감사원, '잼버리 참사' 전체 21개 기관 감사"
89,오싹오싹 자칭 한국 최고의 역사 강사 유튜버라는 사람.jpg
90,여시)여사친 고민상담해준 남친인스타 디엠 뒤져 발견한 여시+인증샷 여자손
91,ㄱㄷ) 캣맘 등록제에 대한 횐님들 반응
92,유럽의회에서 툰베리 디스하는 상남자
93,[오늘자] 맨유 vs 울버햄튼전 오심 확정
94,안녕하세요. 우크라이나 외교관 폭행 피해자입니다. 도움이 필요합니다
95,싱글벙글 보훈부 때문에 난리난 트위터
96,[단독] 잼버리 부지로 쓸 땅 있었는데…1800억 들여 농업용지 매립
97,“그냥 닥치고앉아”교체짜증낸 손흥민에게 일침
98,싱글벙글 세계 최초로 에이즈에 걸린 사람..jpg
99,광복절날 독립유공자 후손의집 고쳐드린 한국해비타드 .jpg
100,조민 저격하는 미국인.jpg
101,레고랜드에서 파는 물건에 치명적인 독극물 난리남
102,싱글벙글 모닝지구촌 0816
103,[단독]SNS 논란 판사 대법원 윤리감사실이 나섰다
104,유럽에선 수동차가 여전히 대세인 이유
105,싱글벙글 소설판 코믹 메이플스토리
106,이마트 매출 따라잡은 쿠팡 (feat. 마이너스의 손).jpg
107,장동건 고소영...광복절이 일본여행 사진 올려 ㄷㄷ...news
108,조국 영화 순위 조작 한 거 맞다네
109,"북, 월북 미군병사 한달만에 첫 언급…""망명의사 밝혀"""
110,여시)여사친 고민상담해준 남친 인스타디엠 공개한 여시녀
111,"빠니보틀, ""전 여친 사진 안 지운다"""
112,"미 국방부 '일본해' 명칭 고수하기로…""공식표기 맞다"""
113,"전북 ""잼버리는 성공했고 문제는 국민들이다"""
114,싱글벙글 버스 앞에서 난동 부린 여성
115,어메이징 목포 근황 ㄷㄷㄷㄷ.jpg
116,충격)요즘 이상하게 변한 나무위키 근황...jpg
117,깃쫄깃쫄 근본 시장 꽈배기 
118,신라 왕릉 비정 문제
119,블라)나중에 결혼후 출산전 내 몸 원복시킬 금액 3천 비밀?말해?-삼전녀
120,싱글벙글 한손 키보드질의 달인
121,오펜하이머 ㅅㅅ신 피해자 속출중...JPG
122,[단독] '잼버리 부지' 용도 변경하면 1846억 토해내야 한다
123,조선엘프의 내분 : 타임라인 M 02
124,늦은 인디카 직관 후기_프리레이스
125,싱글벙글 인류역사상 가장 철학적인 사진
126,싱글벙글 바펜하이머 VS 911테러 밈을 알아보자
127,미국 상원의원 랜드폴 의원 폭스뉴스....
128,제 친구 번개장터에서 조현병환자한테 잘못걸림 ㄷㄷ
129,훌쩍훌쩍 100년전 일본의 만행
130,발더스게이트3 관련해서 국내에서 억울하게 소환되는 개발자.JPG
131,아이유 친척 썰.ssul
132,치료해줘~!  1화
133,한국과 핀란드의 역사
134,싱글벙글 일본을 방문한 미국 핵개발자 / 진주만 방문 일카스
135,ROCK IN JAPAN 23 후기
136,"""여래의 마지막 유훈"".jpg"
137,일본 유튜버가 물어본 일본 남자 인기..JPG
138,싱글벙글 이기자부대 무박4일 수색대훈련...jpg
139,츠쿠요미 manhwa
140,업계 사람들이 BTS 입대를 아쉬워하는 이유.jpg
141,싱글벙글 주한미군이 철수해야 한다는 사람들
142,일본 레이트 마장가서 마작쳐본 만화 7.jpg
143,[프랑스 방랑기] 알프스 투어 3일차  마지막날
144,싱글벙글 고양이 밥주는.manhwa
145,지금 여초 남초에서 난리난 대형 사건...jpg ㅓㅜㅑ
146,다시봐도 아찔한 아동애니
147,우러전쟁 최신 근황 (군수공장 대폭발)
148,동난대 교수가 빌리빌리에 쓴 댓글(번역)
149,싱글벙글 지구상 최악의 난쟁이 국가....jpg 
150,영끌 주의) 세계 경제 상황 ㄷㄷㄷㄷ
151,일본 집이 추운 이유
152,서큐버스는 남자랑 해야 한다 8화.manhwa
153,갓본 헬스장 근황 ㅗㅜㅑ jpg
154,주지훈과 하정우의 뜨거운 눈물파티...jpg
155,싱글벙글 물수제비의 달인
156,기업이 3조원을 내다버리는 법
157,싱글벙글 코스프레 레전드 모음
158,미국이 독도 영유권을 인정하게 된 계기.jpg
159,세계복싱 1위가 길거리에서 싸우면?
160,스압주의) 충격 일본에서 약1700만명이 본 화제의 글
161,인류학자 미드가 생각하는 문명의 징조.jpg
162,유일하게 딱 한번 먼저 협업제의 했다가 까였다는 충주시 홍보맨
163,디즈니 라푼젤 실사화 진행소식....근황....jpg
164,싱글벙글 k-저작권
165,금사)나이트에서 금사가능?+불륜남의 이사+불륜남이 와이프랑 함
166,NTR당해버린 일본인 구독자들
167,망한머리 구조대 미용실형) 28탄 헤붕이의 슬픈 첫 경험...
168,싱글벙글 진짜 민주주의
169,씹덕씹덕 여태껏 리메이크된 애니들 알아보자
170,디아4 영상 최신 근황ㅋㅋㅋㅋㅋㅋㅋㅋㅋㅋㅋㅋ .jpg
171,일본 사진도둑 클라쓰
172,싱글벙글 미국의 역대급 보복에 당한 중국
173,꼴아박고 있는 제주 관광...jpg
174,여시)한명만 더 섭외하면 월클 토템 완성하는 피식쇼.jpg
175,몰락몰락 조선시대
176,알면 유용한 대화 방법...JPG
177,해념) 이강인이 사생활 존중받아야하는 eu
178," '잼버리 돈잔치' 부안군, 자전거-태권도 단체 5억 뿌려"
179,싱글벙글 PC때문에 광기에 휩싸인 미국
180,요즘 짱깨들 새로운 혐한수법...jpg
181,윤성빈 휴지기 내추럴시절
182,싱글벙글 파이어 페스티벌
183,블라)사랑받고싶다(동거전전남친청첩장의사후기글)+글쓴의사와이프입니다
184,광복절 기념 탈조선 친일파 가문 인증 레전드
185,싱글벙글 각 나라별 요괴와 괴물들
186,오늘자 일본 성추행 근황...
187,"[단독] 감사원, '잼버리 참사' 전체 21개 기관 감사"
188,오싹오싹 자칭 한국 최고의 역사 강사 유튜버라는 사람.jpg
189,여시)여사친 고민상담해준 남친인스타 디엠 뒤져 발견한 여시+인증샷 여자손
190,ㄱㄷ) 캣맘 등록제에 대한 횐님들 반응
191,유럽의회에서 툰베리 디스하는 상남자
192,[오늘자] 맨유 vs 울버햄튼전 오심 확정
193,안녕하세요. 우크라이나 외교관 폭행 피해자입니다. 도움이 필요합니다
194,싱글벙글 보훈부 때문에 난리난 트위터
195,[단독] 잼버리 부지로 쓸 땅 있었는데…1800억 들여 농업용지 매립
196,“그냥 닥치고앉아”교체짜증낸 손흥민에게 일침
197,싱글벙글 세계 최초로 에이즈에 걸린 사람..jpg
198,광복절날 독립유공자 후손의집 고쳐드린 한국해비타드 .jpg
199,조민 저격하는 미국인.jpg
200,레고랜드에서 파는 물건에 치명적인 독극물 난리남
201,싱글벙글 모닝지구촌 0816
202,[단독]SNS 논란 판사 대법원 윤리감사실이 나섰다
203,유럽에선 수동차가 여전히 대세인 이유
204,싱글벙글 소설판 코믹 메이플스토리
205,이마트 매출 따라잡은 쿠팡 (feat. 마이너스의 손).jpg
206,장동건 고소영...광복절이 일본여행 사진 올려 ㄷㄷ...news
207,조국 영화 순위 조작 한 거 맞다네
208,"북, 월북 미군병사 한달만에 첫 언급…""망명의사 밝혀"""
209,여시)여사친 고민상담해준 남친 인스타디엠 공개한 여시녀
210,"빠니보틀, ""전 여친 사진 안 지운다"""
211,"미 국방부 '일본해' 명칭 고수하기로…""공식표기 맞다"""
212,"전북 ""잼버리는 성공했고 문제는 국민들이다"""
213,싱글벙글 버스 앞에서 난동 부린 여성
214,어메이징 목포 근황 ㄷㄷㄷㄷ.jpg
215,충격)요즘 이상하게 변한 나무위키 근황...jpg
216,깃쫄깃쫄 근본 시장 꽈배기 
217,신라 왕릉 비정 문제
218,블라)나중에 결혼후 출산전 내 몸 원복시킬 금액 3천 비밀?말해?-삼전녀
219,싱글벙글 한손 키보드질의 달인
220,오펜하이머 ㅅㅅ신 피해자 속출중...JPG
221,[단독] '잼버리 부지' 용도 변경하면 1846억 토해내야 한다
222,조선엘프의 내분 : 타임라인 M 02
223,늦은 인디카 직관 후기_프리레이스
224,싱글벙글 인류역사상 가장 철학적인 사진
225,싱글벙글 바펜하이머 VS 911테러 밈을 알아보자
226,미국 상원의원 랜드폴 의원 폭스뉴스....
227,제 친구 번개장터에서 조현병환자한테 잘못걸림 ㄷㄷ
228,훌쩍훌쩍 100년전 일본의 만행
229,발더스게이트3 관련해서 국내에서 억울하게 소환되는 개발자.JPG
230,아이유 친척 썰.ssul
231,치료해줘~!  1화
232,한국과 핀란드의 역사
233,싱글벙글 일본을 방문한 미국 핵개발자 / 진주만 방문 일카스
234,ROCK IN JAPAN 23 후기
235,"""여래의 마지막 유훈"".jpg"
236,일본 유튜버가 물어본 일본 남자 인기..JPG
237,싱글벙글 이기자부대 무박4일 수색대훈련...jpg
238,츠쿠요미 manhwa
239,업계 사람들이 BTS 입대를 아쉬워하는 이유.jpg
240,싱글벙글 주한미군이 철수해야 한다는 사람들
241,일본 레이트 마장가서 마작쳐본 만화 7.jpg
242,[프랑스 방랑기] 알프스 투어 3일차  마지막날
243,싱글벙글 고양이 밥주는.manhwa
244,지금 여초 남초에서 난리난 대형 사건...jpg ㅓㅜㅑ
245,다시봐도 아찔한 아동애니
246,우러전쟁 최신 근황 (군수공장 대폭발)
247,동난대 교수가 빌리빌리에 쓴 댓글(번역)
248,싱글벙글 지구상 최악의 난쟁이 국가....jpg 
249,영끌 주의) 세계 경제 상황 ㄷㄷㄷㄷ
250,일본 집이 추운 이유
251,서큐버스는 남자랑 해야 한다 8화.manhwa
252,갓본 헬스장 근황 ㅗㅜㅑ jpg
253,주지훈과 하정우의 뜨거운 눈물파티...jpg
254,싱글벙글 물수제비의 달인
255,기업이 3조원을 내다버리는 법
256,싱글벙글 코스프레 레전드 모음
257,미국이 독도 영유권을 인정하게 된 계기.jpg
258,세계복싱 1위가 길거리에서 싸우면?
259,스압주의) 충격 일본에서 약1700만명이 본 화제의 글
260,인류학자 미드가 생각하는 문명의 징조.jpg
261,유일하게 딱 한번 먼저 협업제의 했다가 까였다는 충주시 홍보맨
262,디즈니 라푼젤 실사화 진행소식....근황....jpg
263,싱글벙글 k-저작권
264,금사)나이트에서 금사가능?+불륜남의 이사+불륜남이 와이프랑 함
265,NTR당해버린 일본인 구독자들
266,망한머리 구조대 미용실형) 28탄 헤붕이의 슬픈 첫 경험...
267,싱글벙글 진짜 민주주의
268,씹덕씹덕 여태껏 리메이크된 애니들 알아보자
269,디아4 영상 최신 근황ㅋㅋㅋㅋㅋㅋㅋㅋㅋㅋㅋㅋ .jpg
270,일본 사진도둑 클라쓰
271,싱글벙글 미국의 역대급 보복에 당한 중국
272,꼴아박고 있는 제주 관광...jpg
273,여시)한명만 더 섭외하면 월클 토템 완성하는 피식쇼.jpg
274,몰락몰락 조선시대
275,알면 유용한 대화 방법...JPG
276,해념) 이강인이 사생활 존중받아야하는 eu
277," '잼버리 돈잔치' 부안군, 자전거-태권도 단체 5억 뿌려"
278,싱글벙글 PC때문에 광기에 휩싸인 미국
279,요즘 짱깨들 새로운 혐한수법...jpg
280,윤성빈 휴지기 내추럴시절
281,싱글벙글 파이어 페스티벌
282,블라)사랑받고싶다(동거전전남친청첩장의사후기글)+글쓴의사와이프입니다
283,광복절 기념 탈조선 친일파 가문 인증 레전드
284,싱글벙글 각 나라별 요괴와 괴물들
285,오늘자 일본 성추행 근황...
286,"[단독] 감사원, '잼버리 참사' 전체 21개 기관 감사"
287,오싹오싹 자칭 한국 최고의 역사 강사 유튜버라는 사람.jpg
288,여시)여사친 고민상담해준 남친인스타 디엠 뒤져 발견한 여시+인증샷 여자손
289,ㄱㄷ) 캣맘 등록제에 대한 횐님들 반응
290,유럽의회에서 툰베리 디스하는 상남자
291,[오늘자] 맨유 vs 울버햄튼전 오심 확정
292,안녕하세요. 우크라이나 외교관 폭행 피해자입니다. 도움이 필요합니다
293,싱글벙글 보훈부 때문에 난리난 트위터
294,[단독] 잼버리 부지로 쓸 땅 있었는데…1800억 들여 농업용지 매립
295,“그냥 닥치고앉아”교체짜증낸 손흥민에게 일침
296,싱글벙글 세계 최초로 에이즈에 걸린 사람..jpg
0, 에어컨 설치 회사가 망한 거 같아요.
1, 오펜하이머 ㅅㅅ신 피해자 속출중..JPG
2, 가슴 성형 고민중이라는 20대 공무원 처자 ㄷ..JPG
3, [KB스타뱅킹] 별별퀴즈 30P 받으세요. (피해를 보신 분들께 죄송합니다!)
4, 신형그랜저 실내가 죽이네요.
5, 집권 7년차 문재인 근황..jpg
6, 아파트 베란다 인테리어 ㄷ..jpg
7, 먼저 연락 잘 안 하는 사람 특징 ㄷ..JPG
8, 영화 오펜하이머가 어떻게 한국에서 15세등급 판정을 받을수 있는지 이해가 안되...
9, KBO 역사상 단 3명 뿐인 기록..jpg
10," [옥션] 믈레코비타 멸균우유 1L 12개 (22,800/무료) 최대할인시 13,950"
11, 임시정부를 부정하는이유
12," [옥션, G마켓] 소문난 오부자, 소문난 광천 온천지 도시락김 (다양/무료)"
13," [옥션] 펩시콜라 제로 210ml 60캔 (29,400원/유클무배)"
14, 메가커피 점주 월 수익.jpg
15, 그 말도 많던 잼버리 화장실.jpg
16, 망해가는 제주도 여행 ㄷㄷ
17, 아이폰 15 바뀌는 외관 예상 총정리 ㄷ..JPG
18, 드라마 제작발표회 레전드.gif
19, 와.. 한국식 교권 회복 대책등장 ㄷㄷ.jpg
20, 에어컨 설치 회사가 망한 거 같아요.
21, 오펜하이머 ㅅㅅ신 피해자 속출중..JPG
22, 가슴 성형 고민중이라는 20대 공무원 처자 ㄷ..JPG
23, [KB스타뱅킹] 별별퀴즈 30P 받으세요. (피해를 보신 분들께 죄송합니다!)
24, 신형그랜저 실내가 죽이네요.
25, 집권 7년차 문재인 근황..jpg
26, 아파트 베란다 인테리어 ㄷ..jpg
27, 먼저 연락 잘 안 하는 사람 특징 ㄷ..JPG
28, 영화 오펜하이머가 어떻게 한국에서 15세등급 판정을 받을수 있는지 이해가 안되...
29, KBO 역사상 단 3명 뿐인 기록..jpg
30," [옥션] 믈레코비타 멸균우유 1L 12개 (22,800/무료) 최대할인시 13,950"
31, 임시정부를 부정하는이유
32," [옥션, G마켓] 소문난 오부자, 소문난 광천 온천지 도시락김 (다양/무료)"
33," [옥션] 펩시콜라 제로 210ml 60캔 (29,400원/유클무배)"
34, 메가커피 점주 월 수익.jpg
35, 그 말도 많던 잼버리 화장실.jpg
36, 망해가는 제주도 여행 ㄷㄷ
37, 아이폰 15 바뀌는 외관 예상 총정리 ㄷ..JPG
38, 드라마 제작발표회 레전드.gif
39, 와.. 한국식 교권 회복 대책등장 ㄷㄷ.jpg
40, 에어컨 설치 회사가 망한 거 같아요.
41, 오펜하이머 ㅅㅅ신 피해자 속출중..JPG
42, 가슴 성형 고민중이라는 20대 공무원 처자 ㄷ..JPG
43, [KB스타뱅킹] 별별퀴즈 30P 받으세요. (피해를 보신 분들께 죄송합니다!)
44, 신형그랜저 실내가 죽이네요.
45, 집권 7년차 문재인 근황..jpg
46, 아파트 베란다 인테리어 ㄷ..jpg
47, 먼저 연락 잘 안 하는 사람 특징 ㄷ..JPG
48, 영화 오펜하이머가 어떻게 한국에서 15세등급 판정을 받을수 있는지 이해가 안되...
49, KBO 역사상 단 3명 뿐인 기록..jpg
50," [옥션] 믈레코비타 멸균우유 1L 12개 (22,800/무료) 최대할인시 13,950"
51, 임시정부를 부정하는이유
52," [옥션, G마켓] 소문난 오부자, 소문난 광천 온천지 도시락김 (다양/무료)"
53," [옥션] 펩시콜라 제로 210ml 60캔 (29,400원/유클무배)"
54, 메가커피 점주 월 수익.jpg
55, 그 말도 많던 잼버리 화장실.jpg
56, 망해가는 제주도 여행 ㄷㄷ
57, 아이폰 15 바뀌는 외관 예상 총정리 ㄷ..JPG
58, 드라마 제작발표회 레전드.gif
59, 와.. 한국식 교권 회복 대책등장 ㄷㄷ.jpg
60, 에어컨 설치 회사가 망한 거 같아요.
61, 오펜하이머 ㅅㅅ신 피해자 속출중..JPG
62, 가슴 성형 고민중이라는 20대 공무원 처자 ㄷ..JPG
63, [KB스타뱅킹] 별별퀴즈 30P 받으세요. (피해를 보신 분들께 죄송합니다!)
64, 신형그랜저 실내가 죽이네요.
65, 집권 7년차 문재인 근황..jpg
66, 아파트 베란다 인테리어 ㄷ..jpg
67, 먼저 연락 잘 안 하는 사람 특징 ㄷ..JPG
68, 영화 오펜하이머가 어떻게 한국에서 15세등급 판정을 받을수 있는지 이해가 안되...
69, KBO 역사상 단 3명 뿐인 기록..jpg
70," [옥션] 믈레코비타 멸균우유 1L 12개 (22,800/무료) 최대할인시 13,950"
71, 임시정부를 부정하는이유
72," [옥션, G마켓] 소문난 오부자, 소문난 광천 온천지 도시락김 (다양/무료)"
73," [옥션] 펩시콜라 제로 210ml 60캔 (29,400원/유클무배)"
74, 메가커피 점주 월 수익.jpg
75, 그 말도 많던 잼버리 화장실.jpg
76, 망해가는 제주도 여행 ㄷㄷ
77, 아이폰 15 바뀌는 외관 예상 총정리 ㄷ..JPG
78, 드라마 제작발표회 레전드.gif
79, 와.. 한국식 교권 회복 대책등장 ㄷㄷ.jpg
80, 에어컨 설치 회사가 망한 거 같아요.
81, 오펜하이머 ㅅㅅ신 피해자 속출중..JPG
82, 가슴 성형 고민중이라는 20대 공무원 처자 ㄷ..JPG
83, [KB스타뱅킹] 별별퀴즈 30P 받으세요. (피해를 보신 분들께 죄송합니다!)
84, 신형그랜저 실내가 죽이네요.
85, 집권 7년차 문재인 근황..jpg
86, 아파트 베란다 인테리어 ㄷ..jpg
87, 먼저 연락 잘 안 하는 사람 특징 ㄷ..JPG
88, 영화 오펜하이머가 어떻게 한국에서 15세등급 판정을 받을수 있는지 이해가 안되...
89, KBO 역사상 단 3명 뿐인 기록..jpg
90," [옥션] 믈레코비타 멸균우유 1L 12개 (22,800/무료) 최대할인시 13,950"
91, 임시정부를 부정하는이유
92," [옥션, G마켓] 소문난 오부자, 소문난 광천 온천지 도시락김 (다양/무료)"
93," [옥션] 펩시콜라 제로 210ml 60캔 (29,400원/유클무배)"
94, 메가커피 점주 월 수익.jpg
95, 그 말도 많던 잼버리 화장실.jpg
96, 망해가는 제주도 여행 ㄷㄷ
97, 아이폰 15 바뀌는 외관 예상 총정리 ㄷ..JPG
98, 드라마 제작발표회 레전드.gif
99, 와.. 한국식 교권 회복 대책등장 ㄷㄷ.jpg
100, 에어컨 설치 회사가 망한 거 같아요.
101, 오펜하이머 ㅅㅅ신 피해자 속출중..JPG
102, 가슴 성형 고민중이라는 20대 공무원 처자 ㄷ..JPG
103, [KB스타뱅킹] 별별퀴즈 30P 받으세요. (피해를 보신 분들께 죄송합니다!)
104, 신형그랜저 실내가 죽이네요.
105, 집권 7년차 문재인 근황..jpg
106, 아파트 베란다 인테리어 ㄷ..jpg
107, 먼저 연락 잘 안 하는 사람 특징 ㄷ..JPG
108, 영화 오펜하이머가 어떻게 한국에서 15세등급 판정을 받을수 있는지 이해가 안되...
109, KBO 역사상 단 3명 뿐인 기록..jpg
110," [옥션] 믈레코비타 멸균우유 1L 12개 (22,800/무료) 최대할인시 13,950"
111, 임시정부를 부정하는이유
112," [옥션, G마켓] 소문난 오부자, 소문난 광천 온천지 도시락김 (다양/무료)"
113," [옥션] 펩시콜라 제로 210ml 60캔 (29,400원/유클무배)"
114, 메가커피 점주 월 수익.jpg
115, 그 말도 많던 잼버리 화장실.jpg
116, 망해가는 제주도 여행 ㄷㄷ
117, 아이폰 15 바뀌는 외관 예상 총정리 ㄷ..JPG
118, 드라마 제작발표회 레전드.gif
119, 와.. 한국식 교권 회복 대책등장 ㄷㄷ.jpg
120, 에어컨 설치 회사가 망한 거 같아요.
121, 오펜하이머 ㅅㅅ신 피해자 속출중..JPG
122, 가슴 성형 고민중이라는 20대 공무원 처자 ㄷ..JPG
123, [KB스타뱅킹] 별별퀴즈 30P 받으세요. (피해를 보신 분들께 죄송합니다!)
124, 신형그랜저 실내가 죽이네요.
125, 집권 7년차 문재인 근황..jpg
126, 아파트 베란다 인테리어 ㄷ..jpg
127, 먼저 연락 잘 안 하는 사람 특징 ㄷ..JPG
128, 영화 오펜하이머가 어떻게 한국에서 15세등급 판정을 받을수 있는지 이해가 안되...
129, KBO 역사상 단 3명 뿐인 기록..jpg
130," [옥션] 믈레코비타 멸균우유 1L 12개 (22,800/무료) 최대할인시 13,950"
131, 임시정부를 부정하는이유
132," [옥션, G마켓] 소문난 오부자, 소문난 광천 온천지 도시락김 (다양/무료)"
133," [옥션] 펩시콜라 제로 210ml 60캔 (29,400원/유클무배)"
134, 메가커피 점주 월 수익.jpg
135, 그 말도 많던 잼버리 화장실.jpg
136, 망해가는 제주도 여행 ㄷㄷ
137, 아이폰 15 바뀌는 외관 예상 총정리 ㄷ..JPG
138, 드라마 제작발표회 레전드.gif
139, 와.. 한국식 교권 회복 대책등장 ㄷㄷ.jpg
140, 에어컨 설치 회사가 망한 거 같아요.
141, 오펜하이머 ㅅㅅ신 피해자 속출중..JPG
142, 가슴 성형 고민중이라는 20대 공무원 처자 ㄷ..JPG
143, [KB스타뱅킹] 별별퀴즈 30P 받으세요. (피해를 보신 분들께 죄송합니다!)
144, 신형그랜저 실내가 죽이네요.
145, 집권 7년차 문재인 근황..jpg
146, 아파트 베란다 인테리어 ㄷ..jpg
147, 먼저 연락 잘 안 하는 사람 특징 ㄷ..JPG
148, 영화 오펜하이머가 어떻게 한국에서 15세등급 판정을 받을수 있는지 이해가 안되...
149, KBO 역사상 단 3명 뿐인 기록..jpg
150," [옥션] 믈레코비타 멸균우유 1L 12개 (22,800/무료) 최대할인시 13,950"
151, 임시정부를 부정하는이유
152," [옥션, G마켓] 소문난 오부자, 소문난 광천 온천지 도시락김 (다양/무료)"
153," [옥션] 펩시콜라 제로 210ml 60캔 (29,400원/유클무배)"
154, 메가커피 점주 월 수익.jpg
155, 그 말도 많던 잼버리 화장실.jpg
156, 망해가는 제주도 여행 ㄷㄷ
157, 아이폰 15 바뀌는 외관 예상 총정리 ㄷ..JPG
158, 드라마 제작발표회 레전드.gif
159, 와.. 한국식 교권 회복 대책등장 ㄷㄷ.jpg
160, 에어컨 설치 회사가 망한 거 같아요.
161, 오펜하이머 ㅅㅅ신 피해자 속출중..JPG
162, 가슴 성형 고민중이라는 20대 공무원 처자 ㄷ..JPG
163, [KB스타뱅킹] 별별퀴즈 30P 받으세요. (피해를 보신 분들께 죄송합니다!)
164, 신형그랜저 실내가 죽이네요.
165, 집권 7년차 문재인 근황..jpg
166, 아파트 베란다 인테리어 ㄷ..jpg
167, 먼저 연락 잘 안 하는 사람 특징 ㄷ..JPG
168, 영화 오펜하이머가 어떻게 한국에서 15세등급 판정을 받을수 있는지 이해가 안되...
169, KBO 역사상 단 3명 뿐인 기록..jpg
170," [옥션] 믈레코비타 멸균우유 1L 12개 (22,800/무료) 최대할인시 13,950"
171, 임시정부를 부정하는이유
172," [옥션, G마켓] 소문난 오부자, 소문난 광천 온천지 도시락김 (다양/무료)"
173," [옥션] 펩시콜라 제로 210ml 60캔 (29,400원/유클무배)"
174, 메가커피 점주 월 수익.jpg
175, 그 말도 많던 잼버리 화장실.jpg
176, 망해가는 제주도 여행 ㄷㄷ
177, 아이폰 15 바뀌는 외관 예상 총정리 ㄷ..JPG
178, 드라마 제작발표회 레전드.gif
179, 와.. 한국식 교권 회복 대책등장 ㄷㄷ.jpg
180, 에어컨 설치 회사가 망한 거 같아요.
181, 오펜하이머 ㅅㅅ신 피해자 속출중..JPG
182, 가슴 성형 고민중이라는 20대 공무원 처자 ㄷ..JPG
183, [KB스타뱅킹] 별별퀴즈 30P 받으세요. (피해를 보신 분들께 죄송합니다!)
184, 신형그랜저 실내가 죽이네요.
185, 집권 7년차 문재인 근황..jpg
186, 아파트 베란다 인테리어 ㄷ..jpg
187, 먼저 연락 잘 안 하는 사람 특징 ㄷ..JPG
188, 영화 오펜하이머가 어떻게 한국에서 15세등급 판정을 받을수 있는지 이해가 안되...
189, KBO 역사상 단 3명 뿐인 기록..jpg
190," [옥션] 믈레코비타 멸균우유 1L 12개 (22,800/무료) 최대할인시 13,950"
191, 임시정부를 부정하는이유
192," [옥션, G마켓] 소문난 오부자, 소문난 광천 온천지 도시락김 (다양/무료)"
193," [옥션] 펩시콜라 제로 210ml 60캔 (29,400원/유클무배)"
194, 메가커피 점주 월 수익.jpg
195, 그 말도 많던 잼버리 화장실.jpg
196, 망해가는 제주도 여행 ㄷㄷ
197, 아이폰 15 바뀌는 외관 예상 총정리 ㄷ..JPG
198, 드라마 제작발표회 레전드.gif
199, 와.. 한국식 교권 회복 대책등장 ㄷㄷ.jpg
200, 에어컨 설치 회사가 망한 거 같아요.
201, 오펜하이머 ㅅㅅ신 피해자 속출중..JPG
202, 가슴 성형 고민중이라는 20대 공무원 처자 ㄷ..JPG
203, [KB스타뱅킹] 별별퀴즈 30P 받으세요. (피해를 보신 분들께 죄송합니다!)
204, 신형그랜저 실내가 죽이네요.
205, 집권 7년차 문재인 근황..jpg
206, 아파트 베란다 인테리어 ㄷ..jpg
207, 먼저 연락 잘 안 하는 사람 특징 ㄷ..JPG
208, 영화 오펜하이머가 어떻게 한국에서 15세등급 판정을 받을수 있는지 이해가 안되...
209, KBO 역사상 단 3명 뿐인 기록..jpg
210," [옥션] 믈레코비타 멸균우유 1L 12개 (22,800/무료) 최대할인시 13,950"
211, 임시정부를 부정하는이유
212," [옥션, G마켓] 소문난 오부자, 소문난 광천 온천지 도시락김 (다양/무료)"
213," [옥션] 펩시콜라 제로 210ml 60캔 (29,400원/유클무배)"
214, 메가커피 점주 월 수익.jpg
215, 그 말도 많던 잼버리 화장실.jpg
216, 망해가는 제주도 여행 ㄷㄷ
217, 아이폰 15 바뀌는 외관 예상 총정리 ㄷ..JPG
218, 드라마 제작발표회 레전드.gif
219, 와.. 한국식 교권 회복 대책등장 ㄷㄷ.jpg
220, 에어컨 설치 회사가 망한 거 같아요.
221, 오펜하이머 ㅅㅅ신 피해자 속출중..JPG
222, 가슴 성형 고민중이라는 20대 공무원 처자 ㄷ..JPG
223, [KB스타뱅킹] 별별퀴즈 30P 받으세요. (피해를 보신 분들께 죄송합니다!)
224, 신형그랜저 실내가 죽이네요.
225, 집권 7년차 문재인 근황..jpg
226, 아파트 베란다 인테리어 ㄷ..jpg
227, 먼저 연락 잘 안 하는 사람 특징 ㄷ..JPG
228, 영화 오펜하이머가 어떻게 한국에서 15세등급 판정을 받을수 있는지 이해가 안되...
229, KBO 역사상 단 3명 뿐인 기록..jpg
230," [옥션] 믈레코비타 멸균우유 1L 12개 (22,800/무료) 최대할인시 13,950"
231, 임시정부를 부정하는이유
232," [옥션, G마켓] 소문난 오부자, 소문난 광천 온천지 도시락김 (다양/무료)"
233," [옥션] 펩시콜라 제로 210ml 60캔 (29,400원/유클무배)"
234, 메가커피 점주 월 수익.jpg
235, 그 말도 많던 잼버리 화장실.jpg
236, 망해가는 제주도 여행 ㄷㄷ
237, 아이폰 15 바뀌는 외관 예상 총정리 ㄷ..JPG
238, 드라마 제작발표회 레전드.gif
239, 와.. 한국식 교권 회복 대책등장 ㄷㄷ.jpg
240, 에어컨 설치 회사가 망한 거 같아요.
241, 오펜하이머 ㅅㅅ신 피해자 속출중..JPG
242, 가슴 성형 고민중이라는 20대 공무원 처자 ㄷ..JPG
243, [KB스타뱅킹] 별별퀴즈 30P 받으세요. (피해를 보신 분들께 죄송합니다!)
244, 신형그랜저 실내가 죽이네요.
245, 집권 7년차 문재인 근황..jpg
246, 아파트 베란다 인테리어 ㄷ..jpg
247, 먼저 연락 잘 안 하는 사람 특징 ㄷ..JPG
248, 영화 오펜하이머가 어떻게 한국에서 15세등급 판정을 받을수 있는지 이해가 안되...
249, KBO 역사상 단 3명 뿐인 기록..jpg
250," [옥션] 믈레코비타 멸균우유 1L 12개 (22,800/무료) 최대할인시 13,950"
251, 임시정부를 부정하는이유
252," [옥션, G마켓] 소문난 오부자, 소문난 광천 온천지 도시락김 (다양/무료)"
253," [옥션] 펩시콜라 제로 210ml 60캔 (29,400원/유클무배)"
254, 메가커피 점주 월 수익.jpg
255, 그 말도 많던 잼버리 화장실.jpg
256, 망해가는 제주도 여행 ㄷㄷ
257, 아이폰 15 바뀌는 외관 예상 총정리 ㄷ..JPG
258, 드라마 제작발표회 레전드.gif
259, 와.. 한국식 교권 회복 대책등장 ㄷㄷ.jpg
260, 에어컨 설치 회사가 망한 거 같아요.
261, 오펜하이머 ㅅㅅ신 피해자 속출중..JPG
262, 가슴 성형 고민중이라는 20대 공무원 처자 ㄷ..JPG
263, [KB스타뱅킹] 별별퀴즈 30P 받으세요. (피해를 보신 분들께 죄송합니다!)
264, 신형그랜저 실내가 죽이네요.
265, 집권 7년차 문재인 근황..jpg
266, 아파트 베란다 인테리어 ㄷ..jpg
267, 먼저 연락 잘 안 하는 사람 특징 ㄷ..JPG
268, 영화 오펜하이머가 어떻게 한국에서 15세등급 판정을 받을수 있는지 이해가 안되...
269, KBO 역사상 단 3명 뿐인 기록..jpg
270," [옥션] 믈레코비타 멸균우유 1L 12개 (22,800/무료) 최대할인시 13,950"
271, 임시정부를 부정하는이유
272," [옥션, G마켓] 소문난 오부자, 소문난 광천 온천지 도시락김 (다양/무료)"
273," [옥션] 펩시콜라 제로 210ml 60캔 (29,400원/유클무배)"
274, 메가커피 점주 월 수익.jpg
275, 그 말도 많던 잼버리 화장실.jpg
276, 망해가는 제주도 여행 ㄷㄷ
277, 아이폰 15 바뀌는 외관 예상 총정리 ㄷ..JPG
278, 드라마 제작발표회 레전드.gif
279, 와.. 한국식 교권 회복 대책등장 ㄷㄷ.jpg
280, 에어컨 설치 회사가 망한 거 같아요.
281, 오펜하이머 ㅅㅅ신 피해자 속출중..JPG
282, 가슴 성형 고민중이라는 20대 공무원 처자 ㄷ..JPG
283, [KB스타뱅킹] 별별퀴즈 30P 받으세요. (피해를 보신 분들께 죄송합니다!)
284, 신형그랜저 실내가 죽이네요.
285, 집권 7년차 문재인 근황..jpg
286, 아파트 베란다 인테리어 ㄷ..jpg
287, 먼저 연락 잘 안 하는 사람 특징 ㄷ..JPG
288, 영화 오펜하이머가 어떻게 한국에서 15세등급 판정을 받을수 있는지 이해가 안되...
289, KBO 역사상 단 3명 뿐인 기록..jpg
290," [옥션] 믈레코비타 멸균우유 1L 12개 (22,800/무료) 최대할인시 13,950"
291, 임시정부를 부정하는이유
292," [옥션, G마켓] 소문난 오부자, 소문난 광천 온천지 도시락김 (다양/무료)"
293," [옥션] 펩시콜라 제로 210ml 60캔 (29,400원/유클무배)"
294, 메가커피 점주 월 수익.jpg
295, 그 말도 많던 잼버리 화장실.jpg
296, 망해가는 제주도 여행 ㄷㄷ
297, 아이폰 15 바뀌는 외관 예상 총정리 ㄷ..JPG
298, 드라마 제작발표회 레전드.gif
299, 와.. 한국식 교권 회복 대책등장 ㄷㄷ.jpg
300, 에어컨 설치 회사가 망한 거 같아요.
301, 오펜하이머 ㅅㅅ신 피해자 속출중..JPG
302, 가슴 성형 고민중이라는 20대 공무원 처자 ㄷ..JPG
303, [KB스타뱅킹] 별별퀴즈 30P 받으세요. (피해를 보신 분들께 죄송합니다!)
304, 신형그랜저 실내가 죽이네요.
305, 집권 7년차 문재인 근황..jpg
306, 아파트 베란다 인테리어 ㄷ..jpg
307, 먼저 연락 잘 안 하는 사람 특징 ㄷ..JPG
308, 영화 오펜하이머가 어떻게 한국에서 15세등급 판정을 받을수 있는지 이해가 안되...
309, KBO 역사상 단 3명 뿐인 기록..jpg
310," [옥션] 믈레코비타 멸균우유 1L 12개 (22,800/무료) 최대할인시 13,950"
311, 임시정부를 부정하는이유
312," [옥션, G마켓] 소문난 오부자, 소문난 광천 온천지 도시락김 (다양/무료)"
313," [옥션] 펩시콜라 제로 210ml 60캔 (29,400원/유클무배)"
314, 메가커피 점주 월 수익.jpg
315, 그 말도 많던 잼버리 화장실.jpg
316, 망해가는 제주도 여행 ㄷㄷ
317, 아이폰 15 바뀌는 외관 예상 총정리 ㄷ..JPG
318, 드라마 제작발표회 레전드.gif
319, 와.. 한국식 교권 회복 대책등장 ㄷㄷ.jpg
320, 에어컨 설치 회사가 망한 거 같아요.
321, 오펜하이머 ㅅㅅ신 피해자 속출중..JPG
322, 가슴 성형 고민중이라는 20대 공무원 처자 ㄷ..JPG
323, [KB스타뱅킹] 별별퀴즈 30P 받으세요. (피해를 보신 분들께 죄송합니다!)
324, 신형그랜저 실내가 죽이네요.
325, 집권 7년차 문재인 근황..jpg
326, 아파트 베란다 인테리어 ㄷ..jpg
327, 먼저 연락 잘 안 하는 사람 특징 ㄷ..JPG
328, 영화 오펜하이머가 어떻게 한국에서 15세등급 판정을 받을수 있는지 이해가 안되...
329, KBO 역사상 단 3명 뿐인 기록..jpg
330," [옥션] 믈레코비타 멸균우유 1L 12개 (22,800/무료) 최대할인시 13,950"
331, 임시정부를 부정하는이유
332," [옥션, G마켓] 소문난 오부자, 소문난 광천 온천지 도시락김 (다양/무료)"
333," [옥션] 펩시콜라 제로 210ml 60캔 (29,400원/유클무배)"
334, 메가커피 점주 월 수익.jpg
335, 그 말도 많던 잼버리 화장실.jpg
336, 망해가는 제주도 여행 ㄷㄷ
337, 아이폰 15 바뀌는 외관 예상 총정리 ㄷ..JPG
338, 드라마 제작발표회 레전드.gif
339, 와.. 한국식 교권 회복 대책등장 ㄷㄷ.jpg
340, 에어컨 설치 회사가 망한 거 같아요.
341, 오펜하이머 ㅅㅅ신 피해자 속출중..JPG
342, 가슴 성형 고민중이라는 20대 공무원 처자 ㄷ..JPG
343, [KB스타뱅킹] 별별퀴즈 30P 받으세요. (피해를 보신 분들께 죄송합니다!)
344, 신형그랜저 실내가 죽이네요.
345, 집권 7년차 문재인 근황..jpg
346, 아파트 베란다 인테리어 ㄷ..jpg
347, 먼저 연락 잘 안 하는 사람 특징 ㄷ..JPG
348, 영화 오펜하이머가 어떻게 한국에서 15세등급 판정을 받을수 있는지 이해가 안되...
349, KBO 역사상 단 3명 뿐인 기록..jpg
350," [옥션] 믈레코비타 멸균우유 1L 12개 (22,800/무료) 최대할인시 13,950"
351, 임시정부를 부정하는이유
352," [옥션, G마켓] 소문난 오부자, 소문난 광천 온천지 도시락김 (다양/무료)"
353," [옥션] 펩시콜라 제로 210ml 60캔 (29,400원/유클무배)"
354, 메가커피 점주 월 수익.jpg
355, 그 말도 많던 잼버리 화장실.jpg
356, 망해가는 제주도 여행 ㄷㄷ
357, 아이폰 15 바뀌는 외관 예상 총정리 ㄷ..JPG
358, 드라마 제작발표회 레전드.gif
359, 와.. 한국식 교권 회복 대책등장 ㄷㄷ.jpg
360, 에어컨 설치 회사가 망한 거 같아요.
361, 오펜하이머 ㅅㅅ신 피해자 속출중..JPG
362, 가슴 성형 고민중이라는 20대 공무원 처자 ㄷ..JPG
363, [KB스타뱅킹] 별별퀴즈 30P 받으세요. (피해를 보신 분들께 죄송합니다!)
364, 신형그랜저 실내가 죽이네요.
365, 집권 7년차 문재인 근황..jpg
366, 아파트 베란다 인테리어 ㄷ..jpg
367, 먼저 연락 잘 안 하는 사람 특징 ㄷ..JPG
368, 영화 오펜하이머가 어떻게 한국에서 15세등급 판정을 받을수 있는지 이해가 안되...
369, KBO 역사상 단 3명 뿐인 기록..jpg
370," [옥션] 믈레코비타 멸균우유 1L 12개 (22,800/무료) 최대할인시 13,950"
371, 임시정부를 부정하는이유
372," [옥션, G마켓] 소문난 오부자, 소문난 광천 온천지 도시락김 (다양/무료)"
373," [옥션] 펩시콜라 제로 210ml 60캔 (29,400원/유클무배)"
374, 메가커피 점주 월 수익.jpg
375, 그 말도 많던 잼버리 화장실.jpg
376, 망해가는 제주도 여행 ㄷㄷ
377, 아이폰 15 바뀌는 외관 예상 총정리 ㄷ..JPG
378, 드라마 제작발표회 레전드.gif
379, 와.. 한국식 교권 회복 대책등장 ㄷㄷ.jpg
380, 에어컨 설치 회사가 망한 거 같아요.
381, 오펜하이머 ㅅㅅ신 피해자 속출중..JPG
382, 가슴 성형 고민중이라는 20대 공무원 처자 ㄷ..JPG
383, [KB스타뱅킹] 별별퀴즈 30P 받으세요. (피해를 보신 분들께 죄송합니다!)
384, 신형그랜저 실내가 죽이네요.
385, 집권 7년차 문재인 근황..jpg
386, 아파트 베란다 인테리어 ㄷ..jpg
387, 먼저 연락 잘 안 하는 사람 특징 ㄷ..JPG
388, 영화 오펜하이머가 어떻게 한국에서 15세등급 판정을 받을수 있는지 이해가 안되...
389, KBO 역사상 단 3명 뿐인 기록..jpg
390," [옥션] 믈레코비타 멸균우유 1L 12개 (22,800/무료) 최대할인시 13,950"
391, 임시정부를 부정하는이유
392," [옥션, G마켓] 소문난 오부자, 소문난 광천 온천지 도시락김 (다양/무료)"
393," [옥션] 펩시콜라 제로 210ml 60캔 (29,400원/유클무배)"
394, 메가커피 점주 월 수익.jpg
395, 그 말도 많던 잼버리 화장실.jpg
396, 망해가는 제주도 여행 ㄷㄷ
397, 아이폰 15 바뀌는 외관 예상 총정리 ㄷ..JPG
398, 드라마 제작발표회 레전드.gif
399, 와.. 한국식 교권 회복 대책등장 ㄷㄷ.jpg
400, 에어컨 설치 회사가 망한 거 같아요.
401, 오펜하이머 ㅅㅅ신 피해자 속출중..JPG
402, 가슴 성형 고민중이라는 20대 공무원 처자 ㄷ..JPG
403, [KB스타뱅킹] 별별퀴즈 30P 받으세요. (피해를 보신 분들께 죄송합니다!)
404, 신형그랜저 실내가 죽이네요.
405, 집권 7년차 문재인 근황..jpg
406, 아파트 베란다 인테리어 ㄷ..jpg
407, 먼저 연락 잘 안 하는 사람 특징 ㄷ..JPG
408, 영화 오펜하이머가 어떻게 한국에서 15세등급 판정을 받을수 있는지 이해가 안되...
409, KBO 역사상 단 3명 뿐인 기록..jpg
410," [옥션] 믈레코비타 멸균우유 1L 12개 (22,800/무료) 최대할인시 13,950"
411, 임시정부를 부정하는이유
412," [옥션, G마켓] 소문난 오부자, 소문난 광천 온천지 도시락김 (다양/무료)"
413," [옥션] 펩시콜라 제로 210ml 60캔 (29,400원/유클무배)"
414, 메가커피 점주 월 수익.jpg
415, 그 말도 많던 잼버리 화장실.jpg
416, 망해가는 제주도 여행 ㄷㄷ
417, 아이폰 15 바뀌는 외관 예상 총정리 ㄷ..JPG
418, 드라마 제작발표회 레전드.gif
419, 와.. 한국식 교권 회복 대책등장 ㄷㄷ.jpg
420, 에어컨 설치 회사가 망한 거 같아요.
421, 오펜하이머 ㅅㅅ신 피해자 속출중..JPG
422, 가슴 성형 고민중이라는 20대 공무원 처자 ㄷ..JPG
423, [KB스타뱅킹] 별별퀴즈 30P 받으세요. (피해를 보신 분들께 죄송합니다!)
424, 신형그랜저 실내가 죽이네요.
425, 집권 7년차 문재인 근황..jpg
426, 아파트 베란다 인테리어 ㄷ..jpg
427, 먼저 연락 잘 안 하는 사람 특징 ㄷ..JPG
428, 영화 오펜하이머가 어떻게 한국에서 15세등급 판정을 받을수 있는지 이해가 안되...
429, KBO 역사상 단 3명 뿐인 기록..jpg
430," [옥션] 믈레코비타 멸균우유 1L 12개 (22,800/무료) 최대할인시 13,950"
431, 임시정부를 부정하는이유
432," [옥션, G마켓] 소문난 오부자, 소문난 광천 온천지 도시락김 (다양/무료)"
433," [옥션] 펩시콜라 제로 210ml 60캔 (29,400원/유클무배)"
434, 메가커피 점주 월 수익.jpg
435, 그 말도 많던 잼버리 화장실.jpg
436, 망해가는 제주도 여행 ㄷㄷ
437, 아이폰 15 바뀌는 외관 예상 총정리 ㄷ..JPG
438, 드라마 제작발표회 레전드.gif
439, 와.. 한국식 교권 회복 대책등장 ㄷㄷ.jpg
440, 에어컨 설치 회사가 망한 거 같아요.
441, 오펜하이머 ㅅㅅ신 피해자 속출중..JPG
442, 가슴 성형 고민중이라는 20대 공무원 처자 ㄷ..JPG
443, [KB스타뱅킹] 별별퀴즈 30P 받으세요. (피해를 보신 분들께 죄송합니다!)
444, 신형그랜저 실내가 죽이네요.
445, 집권 7년차 문재인 근황..jpg
446, 아파트 베란다 인테리어 ㄷ..jpg
447, 먼저 연락 잘 안 하는 사람 특징 ㄷ..JPG
448, 영화 오펜하이머가 어떻게 한국에서 15세등급 판정을 받을수 있는지 이해가 안되...
449, KBO 역사상 단 3명 뿐인 기록..jpg
450," [옥션] 믈레코비타 멸균우유 1L 12개 (22,800/무료) 최대할인시 13,950"
451, 임시정부를 부정하는이유
452," [옥션, G마켓] 소문난 오부자, 소문난 광천 온천지 도시락김 (다양/무료)"
453," [옥션] 펩시콜라 제로 210ml 60캔 (29,400원/유클무배)"
454, 메가커피 점주 월 수익.jpg
455, 그 말도 많던 잼버리 화장실.jpg
456, 망해가는 제주도 여행 ㄷㄷ
457, 아이폰 15 바뀌는 외관 예상 총정리 ㄷ..JPG
458, 드라마 제작발표회 레전드.gif
459, 와.. 한국식 교권 회복 대책등장 ㄷㄷ.jpg
460, 에어컨 설치 회사가 망한 거 같아요.
461, 오펜하이머 ㅅㅅ신 피해자 속출중..JPG
462, 가슴 성형 고민중이라는 20대 공무원 처자 ㄷ..JPG
463, [KB스타뱅킹] 별별퀴즈 30P 받으세요. (피해를 보신 분들께 죄송합니다!)
464, 신형그랜저 실내가 죽이네요.
465, 집권 7년차 문재인 근황..jpg
466, 아파트 베란다 인테리어 ㄷ..jpg
467, 먼저 연락 잘 안 하는 사람 특징 ㄷ..JPG
468, 영화 오펜하이머가 어떻게 한국에서 15세등급 판정을 받을수 있는지 이해가 안되...
469, KBO 역사상 단 3명 뿐인 기록..jpg
470," [옥션] 믈레코비타 멸균우유 1L 12개 (22,800/무료) 최대할인시 13,950"
471, 임시정부를 부정하는이유
472," [옥션, G마켓] 소문난 오부자, 소문난 광천 온천지 도시락김 (다양/무료)"
473," [옥션] 펩시콜라 제로 210ml 60캔 (29,400원/유클무배)"
474, 메가커피 점주 월 수익.jpg
475, 그 말도 많던 잼버리 화장실.jpg
476, 망해가는 제주도 여행 ㄷㄷ
477, 아이폰 15 바뀌는 외관 예상 총정리 ㄷ..JPG
478, 드라마 제작발표회 레전드.gif
479, 와.. 한국식 교권 회복 대책등장 ㄷㄷ.jpg
480, 에어컨 설치 회사가 망한 거 같아요.
481, 오펜하이머 ㅅㅅ신 피해자 속출중..JPG
482, 가슴 성형 고민중이라는 20대 공무원 처자 ㄷ..JPG
483, [KB스타뱅킹] 별별퀴즈 30P 받으세요. (피해를 보신 분들께 죄송합니다!)
484, 신형그랜저 실내가 죽이네요.
485, 집권 7년차 문재인 근황..jpg
486, 아파트 베란다 인테리어 ㄷ..jpg
487, 먼저 연락 잘 안 하는 사람 특징 ㄷ..JPG
488, 영화 오펜하이머가 어떻게 한국에서 15세등급 판정을 받을수 있는지 이해가 안되...
489, KBO 역사상 단 3명 뿐인 기록..jpg
490," [옥션] 믈레코비타 멸균우유 1L 12개 (22,800/무료) 최대할인시 13,950"
491, 임시정부를 부정하는이유
492," [옥션, G마켓] 소문난 오부자, 소문난 광천 온천지 도시락김 (다양/무료)"
493," [옥션] 펩시콜라 제로 210ml 60캔 (29,400원/유클무배)"
494, 메가커피 점주 월 수익.jpg
495, 그 말도 많던 잼버리 화장실.jpg
496, 망해가는 제주도 여행 ㄷㄷ
497, 아이폰 15 바뀌는 외관 예상 총정리 ㄷ..JPG
498, 드라마 제작발표회 레전드.gif
499, 와.. 한국식 교권 회복 대책등장 ㄷㄷ.jpg
500, 에어컨 설치 회사가 망한 거 같아요.
501, 오펜하이머 ㅅㅅ신 피해자 속출중..JPG
502, 가슴 성형 고민중이라는 20대 공무원 처자 ㄷ..JPG
503, [KB스타뱅킹] 별별퀴즈 30P 받으세요. (피해를 보신 분들께 죄송합니다!)
504, 신형그랜저 실내가 죽이네요.
505, 집권 7년차 문재인 근황..jpg
506, 아파트 베란다 인테리어 ㄷ..jpg
507, 먼저 연락 잘 안 하는 사람 특징 ㄷ..JPG
508, 영화 오펜하이머가 어떻게 한국에서 15세등급 판정을 받을수 있는지 이해가 안되...
509, KBO 역사상 단 3명 뿐인 기록..jpg
510," [옥션] 믈레코비타 멸균우유 1L 12개 (22,800/무료) 최대할인시 13,950"
511, 임시정부를 부정하는이유
512," [옥션, G마켓] 소문난 오부자, 소문난 광천 온천지 도시락김 (다양/무료)"
513," [옥션] 펩시콜라 제로 210ml 60캔 (29,400원/유클무배)"
514, 메가커피 점주 월 수익.jpg
515, 그 말도 많던 잼버리 화장실.jpg
516, 망해가는 제주도 여행 ㄷㄷ
517, 아이폰 15 바뀌는 외관 예상 총정리 ㄷ..JPG
518, 드라마 제작발표회 레전드.gif
519, 와.. 한국식 교권 회복 대책등장 ㄷㄷ.jpg
520, 에어컨 설치 회사가 망한 거 같아요.
521, 오펜하이머 ㅅㅅ신 피해자 속출중..JPG
522, 가슴 성형 고민중이라는 20대 공무원 처자 ㄷ..JPG
523, [KB스타뱅킹] 별별퀴즈 30P 받으세요. (피해를 보신 분들께 죄송합니다!)
524, 신형그랜저 실내가 죽이네요.
525, 집권 7년차 문재인 근황..jpg
526, 아파트 베란다 인테리어 ㄷ..jpg
527, 먼저 연락 잘 안 하는 사람 특징 ㄷ..JPG
528, 영화 오펜하이머가 어떻게 한국에서 15세등급 판정을 받을수 있는지 이해가 안되...
529, KBO 역사상 단 3명 뿐인 기록..jpg
530," [옥션] 믈레코비타 멸균우유 1L 12개 (22,800/무료) 최대할인시 13,950"
531, 임시정부를 부정하는이유
532," [옥션, G마켓] 소문난 오부자, 소문난 광천 온천지 도시락김 (다양/무료)"
533," [옥션] 펩시콜라 제로 210ml 60캔 (29,400원/유클무배)"
534, 메가커피 점주 월 수익.jpg
535, 그 말도 많던 잼버리 화장실.jpg
536, 망해가는 제주도 여행 ㄷㄷ
537, 아이폰 15 바뀌는 외관 예상 총정리 ㄷ..JPG
538, 드라마 제작발표회 레전드.gif
539, 와.. 한국식 교권 회복 대책등장 ㄷㄷ.jpg
0,포파나 이 새끼가 사람 존나 미치게함
1,(창렬?) 엔조+카이세도 이적료로 살수있는것들.jpg
2,[인터 마이애미 vs 필라델피아] 메시와 언쟁하는 마르티네즈 ㄷㄷ
3,워닝 트랙에서 잡히는 김하성의 큰 타구 ㄷㄷ
4,<BAL - SD> 박서준 리드오프 2루타 ㅅㅅㅅㅅㅅㅅㅅㅅㅅㅅㅅㅅㅅㅅㅅㅅㅅㅅㅅㅅㅅㅅㅅㅅ
5,대기업 다니는 2030 직장인은 주말에 뭐하세요?...JPG
6,"엄마,우리 집은 가난해서 이런 거 못 사지?"
7,여의도가 섬인게 상식이야?.jpg
8,"'검정고무신' 기영이와 기철이, 故이우영 작가 품으로...단독 저작자 인정"
9,[인터 마이애미 vs 필라델피아] 메시의 축구교실 ㄷㄷㄷㄷ
10,"[ssg.com] BOSE 보스 QC45 블루투스 헤드폰 (265,695원) (무료)"
11,현실감각 부서진 요즘 드라마 설정.jpg
12,춘천 손흥민 카페 인필드 빵&음료 가격.jpg
13,의외로 누나에게 맞고 자란 운동선수
14,역주행으로 사고 낸 80대 무보험 라이더 할머니 ㄷㄷㄷㄷ.mp4
15,"[디애슬레틱-온스테인] 첼시, £58m에 로메오 라비아 영입 합의"
16,<LAA - TEX> 여러분들이 그토록 바라던 그 제목 입갤 ㅋㅋㅋㅋㅋㅋㅋㅋㅋㅋㅋㅋㅋㅋㅋㅋㅋㅋㅋㅋㅋㅋㅋㅋㅋㅋ
17,"[antena] 알 힐랄, 야신 부누와 3년 계약 합의"
18,<콘크리트 유토피아> 200만 돌파 오피셜 (롯데엔터 트위터)
19,잼버리 새만금 공항 - 군산공항  1km 거리 ㄷㄷ
20,오펜하이머 보고왔는데 오펜하이머 보지말아야하는 사람 꼽아봄
21,오펜하이머에 여성학자 비중 적다고 놀란 한남충 만드는 더쿠
22,[스카이스포츠] 맨유 잔류 가능성이 높아진 딘 헨더슨
23,직장 관둘 때 상사가 해준 말
24,[사우디 언론] 맨시티는 알 나스르와 라포르테 이적 합의
25,"[옥션] 빅토리아 탄산수 500ml 파인애플 20펫 + 자몽 20펫 (10,950원) (무료)"
26,"[GOAL] 아스날, 마틴 외데고르와 재계약 협상 준비중"
27,"???: ""하극상으로 만창 갔다온 썰 푼다"".jpg"
28,혼밥 먹기 싫어 밥 사주겠는 채령
29,조지고 부시는 대통령 각하 의외의 일면
30,1회부터 터지는 산체스의 그랜드슬램 ㄷㄷㄷ
31,엄마보러 간다고 하니까 현장에서 쫒겨남.jpg
32,배우 유해진이 20년 가까이 사용 중인 냉장고의 정체 ㄷㄷㄷ...jpg
33,장문주의)챔스 우승은 했는데 왜 이렇게 가슴 안쪽이 시린걸까
34,[짭탭 대하드라마] 22/23 시즌 트레블 위너 맨시티 돌아보기 14편
35,지하철 탈때 카메라 좀 끄면 안되냐?
36,[더 선 독점] 네이마르가 알 힐랄에게 요구한 특별한 요청사항
37,<LAA - TEX> ㅋㅋㅋㅋㅋㅋㅋㅋㅋㅋㅋㅋㅋㅋㅋㅋㅋㅋㅋㅋㅋㅋㅋㅋㅋㅋㅋㅋㅋㅋㅋㅋㅋㅋㅋㅋㅋㅋㅋㅋㅋㅋㅋㅋㅋㅋㅋ
38,김하성 2루타 세레머니 ㅋㅋㅋ
39,31살 여자 1억 모았는데 남자들이 무관심..jpg
40,"[SSG] BOSE QC45 노이즈캔슬링 헤드폰 (국민카드시 역대가) (251,051원) (무료)"
41,김하성 첫 타석부터 2루타 ㄷㄷㄷㄷ
42,월북했던 미군 킹 이병 근황
43,독일인이 히틀러를 지지한 이유 어쩌구에 대하여
44,"[공홈] 1. FC 우니온 베를린, 로빈 고젠스 영입"
45,댓글 터져버린 살기 편한 2030세대.jpg
46,사소한 실험) 버추얼 콘솔산 포켓몬을 데려와서 리전폼 진화체로 진화시켜도 게임보이 마크가 남아있을까?
47,[인터 마이애미 vs 필라델피아] 마이애미 다비드 루이스 쐐기골 ㅅㅅㅅㅅㅅㅅㅅㅅ
48,(소리) [인터마이애미vs필라델피아] 메시 미친 초중거리골ㄷㄷㄷ (1080p)
49,한 업소녀의 취집 성공기.
50,뱃지도 추천 가능?
51,리오넬 메시 추가골 해설 버전ㄷㄷ
52,할머니랑 같이 컴퓨터 견적 상담 받으러 온 중1 학생
53,그동안 이강인 네이마르 짤 모음
54,[인터 마이애미 vs 필라델피아] 중원에서 볼간수하고 패스까지 연결해주는 메시 ㄷㄷㄷㄷㄷㄷㄷㄷ
55,이기자부대 무박4일 수색대훈련...jpg
56,[인터 마이애미 vs 필라델피아] 인터 마이애미 4대1 대승을 거두며 리그스컵 결승으로 향합니다!!!!!!
57,킹갓 블리자드 개발진 현황.jpg
58,<HOU - MIA> ??????????????
59,[디애슬레틱] 사우디가 스포츠를 구매하는 이유는 영향력이다.
60,의외로 몰랐던 하이머딩거 이름의 유래
61,"epl 오프닝 영상 글이 많이 보이는데, 역시 근본은 이거지"
62,학생이 사기당해서 왔다는 초등학교 담임선생님
63,"[G마켓] 나랑드사이다 180ml CAN 3박스(총 90입) (23,040원) (무료)"
64,회사 대표 부친상에 조문가면 30만원 줌.news
65,상암 잔디 최신 근황
66,배달 나갔다가 사고 난 네팔인.gif
67,[SNS] 카이세도: 파에스야 여기서 기다릴게 ㅋㅋ 응원 고마워
68,윤봉길 의사께서 말씀하신 독립운동의 의의
69,돈 낸다 vs 안낸다..jpg
70,대한민국 자살 생중계 레전드 사건
71,네이마르 인스스로 이강인한테 답장 ㅠㅠ
72,덱스가 연애할 때 꼭 부탁하는 것
73,잼버리 450억 미완성 잼버리 센터 어케 활용?ㄷ
74,오피셜) 2010년대를 풍미했던 공격진 트리오 MSN - BBC 모두 유럽축구에서 아웃
75,[오피셜] 프리미어리그 제시 린가드와 e스포츠 샌드박스게이밍 업무협약 체결
76,[게리 제이콥] 마이클 올리세는 맨시티보다 첼시로의 이적을 선호함
77,인생 첫 월급을 경마에 때려박은 남자.JPG
78,[인터 마이애미 vs 필라델피아] 조르디 알바 추가골 ㅅㅅㅅㅅㅅㅅㅅㅅㅅㅅ
79,인천 역사상 첫 ACL 경기 VS 하이퐁(베트남)
80,트루먼이 오펜하이머를 징징이라고 표현한 이유
81,[인터 마이애미 vs 필라델피아] 조셉 마르티네스 선제골 ㄷㄷㄷㄷㄷㄷㄷㄷㄷ
82,[ES] 케파는 레알 마드리드 영구 이적을 원한다.
83,[크리스 데이비슨] 아스날 호아킨 영입 완료 ㄷㄷㄷ
84,이모지 쓰는 남자가 싫은 여대생.jpg
85,전쟁전후의 아이의 삶
86,[디 애슬래틱 - 온스테인] 해리 매과이어는 웨스트햄으로 이적하지 않는다.
87,ㅇㅎ) 남자들이 선호한다는 몸매
88,프랑스에서 난리난 축구계 난제ㄷㄷ...jpg
89,한국 아이돌처럼 머리 잘라달라는 6살 여자아이.MP4
90,"[DM-사미목벨] 올리세, 첼시 이적과정에서 템퍼링 의혹"
91,"[옥션] (유니버스클럽)펩시제로 210ml 60개(2box) (우리,국민,농협,삼성 카드) (21,060원) (무료)"
92,3년 전 오늘 메이저리그에서 있었던 일
93,[인터 마이애미 vs 필라델피아] 메시 미친중거리골 ㄷㄷㄷㄷㄷㄷㄷㄷㄷ
94,일하기 싫으면 그냥 죽어라
95,그래도 클롭 쉴드로 쳐보자면
96,<오펜하이머> 속 배우 vs 실존인물 비교
97,"[공홈] FC 인테르나치오날레 밀라노, 카를루스 아우구스투 임대 영입"
98,막아내는 임창민 ㄷㄷㄷㄷㄷㄷㄷ
99,dj소다 사건 일본에서 생각보다 더 이슈인듯
100,중동리거 장현수 근황.jpg
101,빙그레 바나나 우유 근황
102,[피어준] 이적시장에 대한 평가를 매길 만한 적기는 이적시장이 끝났을때임
103,30년뒤에는 반드시 타임머신이 개발될 거임
104,네이마르를 떠나보내는 이강인의 메세지와 그에 대한 네이마르의 답장
105,8월 14일 저는 '고고당' 확진 되었습니다...
106,여자 만나러 동호회 가지마라..jpg
107,(속보) 코로나 진료비 단속한 병원 모두 빼돌렸다
108,"[공홈] 알 힐랄, 네이마르 영입"
109,내가 군대에서 개빡쳤었던 이유
110,남편과 싸우고 원나잇 해버린 유부녀.jpg
111,"애벗 형제의 보컬 찾아 삼만리, 괴물 보컬은 어디에?"
112,오빠 밖에 싼거 맞아?? 생리를 안해...gif
113,해리포터 야설보다 빡친 이유
114,"[Чемпионат] 스르나 : ""무드릭 헐값에 매각했다"""
115,무드릭 틱톡이 존나 열받는 점은
116,키 195cm 공격수 발밑 능력 체감.gif
117,[ES] 첼시가 £222m 듀오 카이세도와 엔조가 모든 것을 정복할 수 있다고 믿는 이유
118,삼성 풀세트
119,AI가 그린 러시아 모습
120,ㅇㅎ)노콘으로 빠르게 즐기는 누나..
121,테이 - 같은베개 쌩라이브 ㄷㄷㄷㄷㄷ
122,ㅅㅍ)모성애를 어린아이들에게 일깨워준 영화 jpg.
123,[커트오프사이드-로마노 인용] 리버풀은 케프랑 튀랑과 마누 코네를 살펴보고 있음
124,"[공홈] 미들스브러, 라떼 영입"
125,우리집 강아지 보구가  (무슨무슨법 준수)
126,이강인 인스타 스토리 and 네이마르 답장
127,네이마르가 강인이 ㅈㄴ 맘에 들긴 했나봐
128,"[파브리지오 로마노] 로메오 라비아 to 첼시, HERE WE GO!!"
129,최강의 매운맛 디X다 돈까스 먹었습니다.
130,[부산 VS 전남] 오오 얘네 맞짱뜨려해요
131,탁재훈: 자꾸 이러시면 저도 감독합니다 .mp4
132,기생충 캐스팅위해 자존심 다 버렸던 이선균
133,블라펌) 마흔이 되면서 느낌점..
134,(약스압) 한 시대가 끝났다. 떠나가는 슈퍼스타들.jpg
135,광복절 재?탕) ??? : 정말 미개하고 전근대적이군...네놈들은 근대화가 필요하다
136,"[옥션] 올반 볶음밥 3종 10봉(새우4+김치4+우삼겹2) (13,590원) (무료)"
137,한국식 교권 회복 대책등장 ㄷㄷ
138,[TMS] 인터 마이애미의 리오넬 메시 - 전술 분석
139,디카프리오와 섹스 못한 여배우의 후회
140,ㅅㅍ)오펜하이머 생각보다 이 사람이 이 사람인지 모르는 형들 꽤 있던데
141,박성웅 2023년 영화 필모그래피 정리.jpg
142,트위터 중국인 근황.
143,남자들 은근히 자존심 상하는 순간.gif
144,갑자기 뼈 때리는 마이크로소프트....jpg
145,ㅅㅍ?) 영화내용과 관계없는 오펜하이머 관람후기
146,스포) 오펜하이머 제일 기괴했던 장면
147,유세윤 최근 몸 상태
148,포텐 보고 만들었어요
149,"[11마존] 디지몬 다마고치 X항체(XB) 버젼 (화이트) (20,300원) (우주패스무료)"
150,"[오피셜] 알 힐랄 SFC, 네이마르 주니오르 영입"
151,지금 전세계에서 일어나고 있다는 연애 현상
152,어느 약사가 50대 지적 장애인을 눈 여겨 본 결과...jpg
153,상암 진짜 제대로 조져놨네 ㄷㄷ
154,코 성형이 무서웠던 산다라박과 자신의 코로 돌아온 홍수아 .mp4
155,"[DM - 잭 고헌] 햄스트링 재발로 3-4개월 동안 결장할 케빈 데브라이너 / 루카스 파케타, 제레미 도쿠"
156,[공홈] 뮌헨 대형 극장에 걸린 케인 포스터
157,며칠 전 포텐 간 주 매일 원샷하고 1000병 넘게 마시던 유튜버 찐 근황.jpg
158,디라 7부한테 니가 오면
159,8월 15일자 폴란드 국군의 날 행사 근황
160,???? 킹한민국이 월드컵 우승한 이세계
161,오늘자 혈맹 폴란드 열병식 주요 장면들
162,카이세도 피셜 웃긴놈
163,크리스찬 베일조차 참고한 톰크루즈의 싸이코 눈빛 ㄷㄷ
164,"퍼거슨 ""박지성을 메시에 붙이지 않은 건 실수였어"".jpg"
165,여친의 선배를 만난 남자..jpg
166,[스카이스포츠] 이번 시즌 PL 인트로
167,독일인들이 히틀러를 지지한 이유를 알기 쉽게 설명해주는 디시인...jpg
168,"오피셜) 네이마르, 알 힐랄행"
169,독립 결심했다 씨발
170,[단독] 광복직후 사할린에서 일본이 한인들 학살 실체 확인..기밀 문서 입수
171,DJ 소다 성추행 관련 일본 콘서트 주최 측에서 성명서 발표함
172,폭망한 더문 감독의 시대적 감각.jpg
173,한국에서 냄새 많이 나는 사람 본 적 없다는 일본인
174,[야후스포츠]분데스리가 주급 순위-김민재 10위
175,[Чемпионат] 알파메일 무드릭
176,"[공홈] 레스터 시티, 체사레 카사데이 임대 영입"
177,은쿤쿠 인스타 - 더 강해져서 돌아올게.
178,[공트] Q: 카이세도야 너 엔조가 리버 플레이트에 있을때 상대해보지 않았어?
179,자살 유가족이 들은 말 레전드 ㄷㄷ;
180,첼시 선수단 정리 안 하냐는 얘기 지겨워서 만든 자료
181,파브리지오 로마노 - 라비아 to 첼시 Here We Go soon
182,우사인 볼트와 섹스 해봤다는 브라질 여대생 후기.jpg
183,공식석상에서 일본의 전쟁범죄를 부정했던 아베
184,안중근 의사의 하얼빈 의거 관련 tmi
185,수십억원의 유혹을 뿌리친 독일 수도원의 결단
186,로마노 - 올리세 첼시와 매우 긴 장기 계약
187,[제이콥 스테인버그] 속보: 해리 매과이어의 웨스트햄 이적은 무산됐다
188,"[위메프] 맥주잔 하이볼잔 유리잔 (1,080원) (무료)"
189,군대에서 게이 선임한테 고백받은 디시인
190,호랑이가 차 창문을 열면서 말했습니다...
191,아이의 행동이 너무 상처가 됩니다
192,이길여 총장의 후예라는 동안 총장.jpg
193,잼버리 20배 세계청년대회 규모 100만명 서울열림
194,[SNS] 카스에서 인생 플레이해서 자랑하고 싶은 무드릭
195,광복절 기념 유니폼은 포텐이라면서?
196,바디슈트 포니테일 ITZY 유나
197,바르셀로나 팬이 보는 2022-23시즌 바르셀로나 결산 (11)
198,에어컨 바람만 쐬다가 더위를 맛본 개 ㅋㅋㅋ.jpg
199,우리 회사 여직원분들 다이어트 한다고...jpg
200,"[쿠팡와우] 오뚜기 3배 사과식초, 1.8L, 2개 (6,600원) (무료)"
201,한 가정을 송두리째 박살냈던 가수 테이
202,한국 원폭 피해자들을 생각해주는 일본 레딧유저
203,[ES] 맨체스터 시티: UEFA 슈퍼컵 뉴스 및 부상 확인
204,정상수 공식 은퇴.jpg
205,일본에서 팔린다는 의문의 한식.jpg
206,오펜하이머 개봉 기념 핵폭탄 묘사 1인자.mp4
207,"[DM] PL 심판협회장 하워드 웹, 울브스에게 연락해 페널티킥이 맞다고 인정"
208,[부산 VS 전남] 아니시1발 경기 보여줘요 하남직캠 말고
209,임진왜란 1592 연출 수준.gif
210,포도 저격) 포텐 간 펜타닐 글은 싱벙갤 트뽕글이다.
211,[SNS] 레이저(?) 가지고 놀면서 신난 틀바
212,그냥 신혼부부 만화.manhwa
213,ㅇㅎ?) 밀.집 모자 해적단의 기막힌 사내복지.gif
214,우리아들 드디어 독립함
215,30대 직장인이 게임이 재미없어지는 과정
216,과거 씹부자 페북스타 근황…jpg
217,ㄹㅇ 빅뱅 2023 신곡 유출인줄 알았던 AI 커버...mp4
218,유퀴즈 1화 유재석: 저기 방송이 아직 안 됐는데?? .mp4
219,8월 15일 박스오피스
220,"[오피셜]레스터시티, 카사데이 임대 영입"
221,"공홈 - 레스터 시티, 카사데이 임대 영입."
222,미국이 끝까지 못 찾아낸 소련의 도청장치..jpg
223,붐을 초라하게 만드는 브라이언 레전드...jpg
224,아들구너 유니폼 인증
225,"[BBC] 펩 ""데브라이너 부상 심각함. 3~4개월 정도 결장할 듯"""
226,혼술+파혼 포텐 가능한가요
227,얘들아 첼리세 프리킥 골 보고 가 ㅎㅎ
228,[디애슬레틱 - ArtdeRoche] 바이에른이 제시하려던 임대딜과 유일하게 달랐던 점? 그것은 상대가 아스날이라는 사실
229,약스포) 오펜하이머에서 이 새끼 연기 지렸으면 개추 ㅋㅋㅋㅋ.jpg
230,스압)한중일의 탑.jpg
231,요즘 주한미군 사이에서 퍼지는 짤
232,[짭탭 대하드라마] 22/23 시즌 트레블 위너 맨시티 돌아보기 13편
233,드디어 아들이 좌완 파이어볼보이로 전향
234,일본 20대 여성 성병 40배 폭증
235,인간이 36도에서 더위를 느끼는 이유.jpg
236,네이버 웹툰 대표가 말하는 웹툰계에 이말년의 지분 수준 ㄷㄷ..jpg
237,모모노기 카나 오늘 인스타.jpg
238,부모라고 할수없음.jpg
239,마이애미 놀러간 UFC 헤비급 랭킹 1위 ㄷㄷㄷ
240,요즘 잊혀진 국민청원 근황.jpg
241,영화 오펜하이머 근황
242,세상에서 가장 쓸모없는 재능을 가진 여자
243,코인망해서 자살한다는 디씨인.jpg
244,을왕리 해리포터
245,풀카운트 끝에 변우혁 삼진잡고 포효하는 김성진 ㄷㄷㄷㄷㄷㄷㄷ
246,[공홈] 앨런 시어러 선정 프리미어리그 이주의 팀
247,포텐 올라간 DJ소다 성추행 사건 관련 글 보고 움짤 찾아옴
248,백종원이 특별 주문제작한 바베큐 기계.mp4
249,"부산 20대 청년, 출근 첫 날 안전망 없이 일하다 추락사"
250,민원인 대상 예절 주입기 ㄷㄷ....jpg
251,3만원 체납됐다고 아득바득 체납된 사람 집으로 찾아간 경기도 광주시 체납관리단
252,중국현지) 광복절 맞이 중국 하얼빈시 에 위치한 안중근의사기념관에 방문했습니다
253,"[RMC] 첼시, €40M에 '마이클 올리세' 영입 매우 근접."
254,싱글벙글 버섯구름이 학교 로고인 미국 고교
255,[오펜하이머] 속 회화의 의미 [스포]
256,일본 유명 가수 각트 DJ소다 성추행 사건관련 소신발언.X
257,타락한 고위종족.manhwa
258,"[파브리스 홉킨스] 첼시, 올리세 영입 바이아웃보다 적은 금액으로 합의"
259,"이순신 장군님의 ""왜는 간사하기 짝이 없어""... 는 진실일까?"
260,"[Steam] 카이로소프트 여름 휴가 번들 (8,950원) (무료)"
261,[한국 vs 일본] 바르셀로나로 가는 김병수의 발리 극장골ㄹㄹㄹㄹㄹㄹㄹㄹㄹㄹㄹㄹ
262,유방암으로 아내를 떠나보낸 친구가 보내온 문자.jpg
263,"[SK] 사우디 간 파비뉴, 데뷔전 끝나고 팬에게 롤렉스 선물을 받다."
264,일뽕만화
265,"데이비드 온스테인 속보 - 첼시, 올리세 바이아웃 활성화/ 첼시 이적 예상"
266,이탈리아 여행 다녀온 누나의 후기
267,[가디언] 해리 매과이어의 웨스트햄 이적은 무산되었다
268,바르셀로나 팬이 보는 2022-23시즌 바르셀로나 결산 (10)
269,케파 : 레알 마드리드의 이적 제안? 그 결정은 존나 쉬웠어ㅋㅋ
270,사진 세 장으로 보는 독립 운동의 고달픔.jpg
271,반 페르시 득점왕 시절 임팩트.gif
272,옆에서 남편 잔다고 큰일났다는 판녀
273,19년 전 사진으로 157억 번 사람
274,"일본은 미국의 ""도쿄 대철거"" 에 감사해야"
275,꼭 클릭해서 봐야하는 강아지
276,"[Nieuwsblad] KDB는 수술이 최선의 해결책임, 수술 할 경우 2023년 아웃"
277,츄하고 사진 찍은 한화 치어리더들
278,"[11번가] 코카콜라 제로제로(제로카페인), 250ml, 30개 (20,930원) (무료)"
279,보배드림 인스타에 올라온 사고.gif
280,연세대학교 교수가 생각하는 일본 천황 호칭 논란.JPG
281,급똥 때문에 강아지 매달고 똥쌌던 디시인 근황
282,일본이 만약 1주일 일찍 항복했다면 한미일 모두의 승리인 이유
283,메구리 속옷 경매낙찰가
284,퍼거슨 할배에게 쌍욕박고 살아남은 사람...jpg
285,일본 항복 서명 당시 미국 뉴스릴에서 언급된 어느 한국인
286,득점지원에 드디어 얼굴이 밝아지는 원태인 ㅋㅋㅋㅋㅋ
287,내가 펠릭스면 눈물 흘렸다 ㅋㅋ
288,"[롯데온] 파워에이드 900ml 12개 (10,870원(신한)) (무료)"
289,[오리칼럼} 아스날의 수비를 어떻게 맨시티가 균열을 만들었나(커뮤니티쉴드 분석)
290,드디어 중국의 숨통을 끊어놓기로 작정한 미국의 역대급 제재
291,KBS에서 분석한 한국 빵값이 엄청나게 비싼 이유
292,고소상담 사이트에서 모욕이 아니라는 표현
293,편의점 벨기에콘 꼭 먹어봐라.
294,"[공홈] 브렌트포드, 다비드 라야 재계약"
295,바르셀로나 팬이 보는 2022-23시즌 바르셀로나 결산 (9)
296,미국 고유의 전통 무술.gif
297,아빠 진짜 우웩 나한테 첫사랑 이야기함
298,"[공홈] 아스날, 다비드 라야 임대 영입"
299,북한군 관찰일지.manhwa
300,"[오피셜] 아스날, 다비드 라야 영입"
301,"수능 앞둔 男재수생 커피에 변비약 탄 女삼수생, 벌금 200만원"
302,선생님에게 학교에 녹음기 가져왔냐는 질문받은 주XX ㄷㄷㄷ..MP4
303,괜찮아 안죽어 ㅋㅋㅋㅋㅋㅋㅋ
304,새끼 복어 5만마리 방류하는 모습
305,속초 관람차 사장님 센스
306,(ㅇㅎ) 흔한 여자 다이빙 선수들 피지컬
307,블라인드 기준 하류 인생을 산다는 여자
308,백종원이 각잡고 준비중이라는 예산 맥주 축제 ㄷㄷ....jpg
309,혜성같은 활약으로 8월 두번째 승리를 거두는 키움히어로즈!!
310,가장 한심한 착각류 甲.
311,전자발찌 착용을 반대하는 여자.jpg
312,ㅇㅎ)남자 아이돌 덮밥을 실천한 2000년생 여자 아이돌
313,광복절에 우리가 기억해야할 역사 영웅
314,"무기, 밀리터리 덕후들이 감탄한 영화 장면 ㄷㄷ...jpg"
315,보복운전으로 실명 위기온 남자
316,"[쿠팡와우] 비달사순 2000W 파워 블랙 앤 로즈 헤어 드라이기 VSD120K (17,910원) (무료)"
317,"[공홈] 레알 마드리드, 케파 아리사발라가 임대 영입"
318,ㅇㅎ?)선정성 논란 있는 여가수들의 논란을 한번에 없애버리는 단어
319,(정보)  수입차 저렴하게 유지하는 법 - 심화편
320,카메라 어플 효과에 화들짝 놀라는 냥이.gif
321,스타필드 한글화 근황.jpg
322,[SNS] 칠웰: 카이세도야 너 얼음 목욕 못하냐?? ㅋㅋㅋㅋㅋ
323,"[ES] 브라이튼 CEO: ""카이세도가 리버풀을 거절할 줄 몰랐다."""
324,남녀가 좋아하는 성감대 순위
325,임신한 와이프들이 좋아한다는 자세
326,"[위메프] CJ 스팸 클래식 340g x 10 (토스/네이버/삼성/우리/하나/전북 결제 시) (32,240원) (무료)"
327,오펜하이머 후기 쓰는 일본인
328,"[위메프] 폴햄 공용 소프트 카라 반팔티셔츠 외 다양 (4,990원~) (무료)"
329,친동생 여친이 내 전여친...jpg
330,소희한테 욕하는 연기를 알려주는 걸레
331,일론 머스크 vs 마크 저커버그 최근 대화 내용 공개 ㄷㄷㄷ
332,[김천vs서울E] 김천의 정치인 탱크같은 단독드리블로 추가쐐기골ㄹㄹㄹㄹㄹㄹㄹㄹㄹㄹㄹㄹㄹㄹ
333,게시물 작성 뒤 삭제하시는 분들 꼭 읽어주세요 .
334,"[쿠팡] 신라면 더 레드 125g 4개 (4,980원) (와우무배)"
335,월매출 2500만원 메가커피 사장 한달 순수익
336,"출산중 5살 수준의 지적장애 생긴 딸, 사위는 이혼 요구"
337,"[Fcinter1908-로마노] 마르코 아르나우토비치 to 인테르, here we go!"
338,박건우의 병살로 결국 연장전에서 승부를 가리지 못하는 양팀
339,[첼박사 루도리] 08.14 패치(VS 리버풀)
340,[CBS Sports] 팀버의 심각한 무릎 부상을 걱정하고 있는 아스날
341,"디아블로4, 개발자 플레이 영상으로 비난 폭주"
342,ㅅㅍ) 오펜하이머에서 ㅈㄴ 멋있는 사람
343,인생 첫 월급을 경마에 때려박은 남자
344,콜윌: 우리는 모든 경기에 이길 수 있다는 자신감이 필요함
345,한국인 영어발음 비웃는 일본인들 ㄷㄷ (feat. 호카손자)
346,김박사넷 교수 평가 레전드 ...jpg
347,최근 백종원이 극찬했던 충남 서산 분식집 근황 ㄷㄷㄷ..JPG
348,광복절 특집 ‘오성장군 김홍일’ 의 이력.jpg
349,포텐보고 만들었다 승리의 토트넘 열차 완성!
350,8회 모든 아웃카운트를 삼진으로 잡아내는 구승민 ㄷㄷ
351,"[jtbc-단독] 미 국방부 '일본해' 명칭 고수하기로…""공식표기 맞다"""
352,흰옷에 빨간국물 튄 여성의 리얼반응
353,더블스코어를 만드는 노진혁의 2타점 적시타 ㄷㄷㄷ
354,젊은 사람들이 뱃일을 안하려는 이유
355,고객 외모 극딜하는 결정사 대표
356,[속보] 타이론 밍스 무릎 수술 사실상 시즌 아웃
357,중국에서 일어난 최악의 납치 사건...jpg
358,요즘 군 대대장들 근황
359,[마르카] 돌아온 주앙 펠릭스가 아틀레티코 팬들에게 들은 엄청난 야유
360,민규산성을 넘기는 박성한의 투런홈런 ㄷㄷㄷ
361,[속보] 중국 실업률 발표 중단
362,알힐랄 23-24시즌 예상 베스트11 ㄷㄷ.jpg
363,3년간 방황했다가 32살에 자격증 따서 취업한 디시인
364,[김천vs서울E] 김천 이준석 서울을 향한 추가골ㄹㄹㄹㄹㄹㄹㄹㄹㄹ
365,바람핀 여친 레전드.jpg
366,아빠가 친가랑 25년간 연 끊은 이유
367,김원중이 리드를 지켜내며 시리즈 첫 경기를 가져오는 롯데!!!
368,?????????
369,라리가가 잘못되어가고 있다는 느껴지는 짤. jpg
370,전형준 ㅋㅋㅋㅋㅋㅋㅋㅋㅋ
371,빅이닝을 완성하는 안치홍의 적시타 ㄷㄷ
372,JSA 대원들이 북한군 앞에서 전역식을 하는 이유
373,끔직했던 히로시마 원폭의 참상
374,3안타 5출루 경기를 펼치는 정보)근 ㄷㄷㄷ
375,미드로 영어를 배우면 안되는 이유
376,[부산 VS 전남] 부산걸개 ㄷㄷ.
377,실책과 주루판단이 갈렸던 경기 LG의 연승을 저지하는 삼성 !!!
378,오늘자 기안 84 추천으로 결정사가서 이상형 공개한 한혜진 근황 ㄷㄷㄷ..JPG
379,"[마르카] 아스필리쿠에타 曰 ""펠릭스, 클럽을 위해 이를 갈고 최선을 다해라"""
380,"[마르카] 아스필리쿠에타 曰 ""펠릭스, 클럽을 위해 이를 갈고 최선을 다해라"""
381,지구 최강 채널 SBS SPORTS
382,강남역 인근에서 초등학생 성폭행 한다는 사람 근황......NEWS
383,시미켄에게 당한(?) 썰 푸는 성시경
384,광복절 기념 노브레인 레전드.gif
385,요즘 잘나가는데 프리선언 생각 있는지 질문 받은 아나운서 ㄷㄷ...jpg
386,무고죄 당해도 법정에서 죄송하다고 해야하는 이유
387,"[더 선] 맨유 울브즈 경기 심판 3명, 다음주 일정에서 제외"
388,아직 민첩함이 살아있는 이종범 코치 ㅋㅋㅋㅋㅋㅋㅋ
389,"[공홈] SC 인테르나시오날, 우고 마요 영입"
390,절묘한 코스로 적시타를 만들어내는 오재일 ㄷㄷㄷㄷㄷㄷㄷㄷㄷㄷㄷ
391,쿠에바스 7이닝 무실점 호투+김민혁의 결승타로 주중 시리즈 기분 좋게 스타트하는 KT!!!
392,그가 다리에 M16 문신을 한 이유...jpg
393,모텔에 영상 찍으러 갔다가 사장님께 엄청 오해를 받았다는 개그우먼 ㄷㄷ.JPG
394,하정우와 성시경이 격한 운동을 못하는 이유
395,댕댕이들 바깥 구경하라고 벽 뚫어준 주인.gif
396,4할타자 정보)근을 피해가는 SSG
397,디아블로4 따끈따끈한 신규 공지
398,여자가 나쁜남자에 끌리는 이유.EU
399,평생 술안주를 공중파에서 인증해준 아저씨 ㅋㅋ
400,우측 깊숙한 코스에 떨어지는 김민석의 적시 2루타 ㄷㄷㄷ
401,ㅇㅎ)씨스타 소유 풀파티 근황.jpg
402,1회부터 좋은수비를 연달아 보여주는 김민석 ㄷㄷ
403,충주시 홍보맨 오늘의 주제는 잼버리
404,남친이 자꾸 내집을 탐내요
405,[EXWHU] 해리 매과이어 딜 현재 상황
406,이탈리아에 연강수량 절반의 비가 내렸을때 모습.jpg
407,오펜하이머=야인시대 2부
408,오늘자 서울대생의 영화 오펜하이머 후기 ㄷㄷㄷ..JPG
409,"[쿠팡] 삼양 열무비빔면 130g 4개 (2,500원) (와우무료)"
410,"""강남역 초등생 성폭행한다” 예고… 경찰 강남 모든 초등학교 순찰차 배치 보안강화"
411,식민지 근대화론(또는 수혜론)의 결정적 반례
412,어플에서 만난 D컵 여자 엄마 돌아가신 썰..JPG
413,"“해방된 조국땅 어디라도 좋으니 묻어주고, 무궁화꽃 한 송이를 무덤위에 놓아주길 바라오”"
414,요즘 여자들한테 사귀자고 DM 많이 온다는 문돼 근황 ㄷㄷㄷ.JPG
415,경기를 뒤집는 윤동희의 고-급야구 ㄷㄷ
416,"[공홈] 레버쿠젠, 마테이 코바르 영입"
417,시즌 1호 잼버리 디스 .jpg
418,노인의 눈물(무허가 집에사는 건국부통령의 후손)
419,ㅅㅅ하고싶을때 꿀팁..TIP
420,이것이 진 짜 야 구 ㅋㅋㅋㅋㅋㅋ
421,김민혁의 인사이드  파크 노숙 ㄷㄷㄷㄷㄷㄷㄷ
422,"임요환 ""마인이 사기는 아니에요"".gif"
423,[가디언] 웨스트햄 - 해리 매과이어 거래 OFF
424,동점을 허용하지않는 아시아의 수비왕 이성규 ㄷㄷㄷㄷㄷㄷㄷㄷㄷㄷㄷㄷ
425,곧망한다던 쿠팡이 이마트 이겼다.jpg
426,ㅇㅎ) 대놓고 노리고 만든 원피스 캐릭터.jpg
427,"[OSEN] ""황인범, 세리에 A 아탈란타-몬차서 관심""... 올림피아코스는 이적료 146억 원한다"
428,오늘자 충주에 온 잼버리 참가자들에게 내돈내산 플렉스한 홍보맨 근황 ㄷㄷ..MP4
429,키 크는 수술 성공한 사람 .jpg
430,일본군이 저지른 조선인 학살 사건들
431,"[오피셜] 맨시티 공홈 : 리코 루이스, 맨시티와 2028년까지 재계약"
432,카와키타 사이카를 실물로 봤을때 느낌
433,바르셀로나 팬이 보는 2022-23시즌 바르셀로나 결산 (8)
434,카이스트 나왔다며 갑질하던 학부모 사실은 한동대 출신?
435,"[재공지] 60 fps 지원 추가, 움짤/영상 업데이트"
436,친누나 인스타 후기.jpg
437,현실적인 30살 문과남자 월급
438,스포) 오펜하이머가 불편하다는 관람객들 .jpg
439,커뮤니티 ㅇㅎ짤 검열에 대한 웃대인의 소신발언.JPG
0,                                탁현민의 한탄                            
1,                                미 국방부: 한국은 어차피 일본 똘마니잖아?                            
2,                                패밀리카 원탑이라는 레이차주                            
3,                                대한민국 역대 최고 수트핏 인증.JPG                            
4,                                중국에서 일어난 최악의 납치 사건                            
5,                                오늘자 이재명 대표 근황 ㄷㄷ                            
6,                                라면 먹고 갈래?                            
7,                                달착륙 음모론을 철회하며..                            
8,                                소녀시대 윤아 아름다운 뒤태                            
9,"                                尹 ""일본, 보편 가치 공유·공동 이익 추구하는 파트너""                            "
10,"                                어플에서 만난 D컵 여자 엄마 돌아가신 썰 ,,,                            "
11,                                작년에 아베가 사망했을 당시 한 커뮤니티 회원들의 반응.jpg                            
12,                                사기치는 먹방유투버들 특징                            
13,                                솔직히 지금 2030이 5060보다 더 편하게 사는거 맞음                            
14,                                DJ 소다 사건을 통해본  일본 VS 태국 비교 영상 ㄷㄷ                            
15,                                오늘자 세계 최고의 게임사                            
16,                                오펜하이머 후기(약약약스포) ★★★★☆                            
17,                                중화권의 국민여동생 ‘심월’의 요즘 근황                            
18,                                이란 50살 현역 국가대표.jpg                            
19,                                실내 클라이밍                            
20,                                일본 방송에 나온 한국 치어리더의 고충                            
21,                                집앞에 버려진 자전거                            
22,                                신이 딱 한개만 밸런스패치 한 역사적 인물                            
23,                                [속보] 서이초 학부모 무혐의 ㄷㄷ                            
24,                                살면서 가장 돈 아까웠던 순간.jpg                            
25,                                여친 사귀고 싶어서 3명에게 고백했는데                            
26,"                                나훈아, 광복기념일은 쓸데없는 기념일                            "
27,                                29살에 창업 성공한 비결.jpg                            
28,                                잼버리 풍자 코미디 대박이네요 ㄷㄷ                            
29,                                평생 술안주를 공중파에서 인증해준 아저씨                            
30,                                콘크리트 유토피아 봤습니다 ★★★☆☆                            
31,                                유해진이 김혜수에게 했던 특별한 이벤트                            
32,                                머리 묶었다가 푼 에스파 카리나                            
33,                                점수 높은 여성 지원자 떨어뜨리고 남성 채용                            
34,                                핵맞은 거 처럼 -현시간 일본.jpg                            
35,                                벗고또벗고                            
36,                                광복절엔 박지성                            
37,                                새롭게 바뀌는 군복 패턴                            
38,                                한국이 뭔 얼어죽을 it강국이라고..                            
39,                                23년 싸그리 망해버린 CJ의 마지막 비장의 카드                            
40,                                오늘자 KBS 상암 잔디 뉴스.jpg                            
41,                                군대에서 평소 고라니한테 잘해주면 생기는 일.JPG                            
42,                                시원하게오픈한 아이들 슈화.jpg                            
43,                                어느 모닝 운전자의 하루                            
44,                                아르헨티나 여경 클래스 ㄷㄷㄷ                            
45,                                컴퓨터 교체주기가 어느정도가 적당하다가보세요?                            
46,                                심각한 러시아 클럽 남녀 성비 ㄷㄷ                            
47,"                                40년만기, 50년만기 주담대의 위엄 ㄷㄷㄷㄷ                            "
48,                                김규리 기상캐스터                            
49,                                최악의 비매너 퇴사 유형                            
50,                                쿠팡에게 밀리고 있다는 이마트 근황.jpg                            
51,                                뉴진스 민지 디스패치 HD포토                            
52,                                자기한테 똥뿌린 삼촌보고 개빡친 여조카.mp4                            
53,                                성진국에서 유행하는 악세사리                            
54,                                초전도체 이젠 끝물인가?                            
55,                                광복절에 친일파가 디졌네                            
56,                                미국에서 배워온 트월킹 알려주는 앨리스 소희                            
57,                                윤석열이 삼성전자를 죽인 방법                            
58,                                디즈니 라푼젤 실사 리메이크 라푼젤역                            
59,                                곧 불편해질 그나라 케이팝 팬들                            
60,                                데뷔 후 처음 논란생긴 카즈하                            
61,                                또 광복절에 개소리 하는 굥석열.jpg                            
62,                                오펜하이머 관람 난이도                            
63,                                LG 22년형 창문형 에어컨 누수 A/S 후기                            
64,                                어제 연차 쓴 직장인들의 기분                            
65,                                尹대통령 부친 윤기중 연세대 명예교수 별세.news                            
66,                                박봄 근황                            
67,                                전형적인 매국노상.jpg                            
68,                                개쩌는 누나.jpg                            
69,                                싱글벙글 노브라녀 대담한 퇴근길.mp4                            
70,                                요즘 여고생 근황 ㄷㄷ                            
71,                                전신타투 나나가 타투 지우는 진짜 이유                            
72,                                흔한 헬스 반바지                            
73,                                로보캅1 충격 장면                            
74,                                돼지 똥냄새 민원에 자살                            
75,                                옷을 잘못 입은 것 같다는 앨리스 소희                            
76,                                세계 각국의 통조림이라네요.                            
77,                                박터지는 한국 IOC 선수위원 경쟁 상황                            
78,                                한국차의 역사 쏘나타 디엣지!.jpg                            
79,                                김준현이 밥 두개를 올려놓고 먹는 이유                            
80,"                                [속보]尹대통령 ""공산주의 맹종하며 선동하는 반국가세력 여전히 활개""                            "
81,                                미주 : 저 진짜.. 되게 섹시해요                            
82,                                게임 온리업에서 도망친 강인경                            
83,                                미 F-35보다 비싼 KF-21... 도입 계획 어쩌나                            
84,                                해병대 으르신들 뭐하나요?                            
85,                                ㅇㅎ)은하캠핑 누나 비키니.jpg                            
86,                                신세계 '이마트' 실적 최근 근황.jpg                            
87,                                디즈니플러스 무빙 고윤정 짤                            
88,                                8만원으로 30명에게 무엇을 하면 제일 좋을까요?                            
89,                                메가커피 사장 한달 순수입                            
90,                                카리나가 예비신랑에게 알려주는 꿀팁                            
91,                                망탄 소리 듣던 동탄신도시의 현재.jpg                            
92,                                (kbs 단독) 대통령실 선거 대입                            
93,                                월60 삼시세끼 고시원.jpg                            
94,                                국민마우스가 뭔가요?                            
95,                                [ㅇㅎ] 미끌미끌 마사지.gif                            
96,                                월 500만원 가능한 중소기업 모집중                            
97,                                불편한 케이팝 일본팬들                            
98,                                지상낙원이라는 양양 서피비치 근황                            
99,                                영정 듀오 탱글다희 & 손밍 근황                            
100,                                대한민국 국교가 언제부터 기독교 였나요?                            
101,                                그녀가 뱉는 물을 마실수 있읍니까?                            
102,                                애플 워치 배터리 수명 늘리는 꿀팁                            
103,                                실시간 용산 CGV 상황 ㄷㄷㄷ...JPG                            
104,                                승리하기 위해 황소 모자 쓴 이시아                            
105,                                강력 태풍에 쓰러진 일본 누나...                            
106,                                대학 못나왔다는 배동성 딸 ㄷㄷ                            
107,                                골드만 삭스가 예상하는 50년 후의 경제대국 & 22세기 세계 인구 순위 예상                            
108,                                ITZY 멤버들도 생전 처음 봤다는 술 취한 예지.mp4                            
109,                                욕 안 한다는 앨리스 소희                            
110,                                실제 서핑의 위엄 ㄷㄷ.gif                            
111,                                강풀 원작 무빙이 진짜 지리는 갓띵작인 이유                            
112,                                화보 촬영 스포츠 브라 가슴골 김세정                            
113,                                네이버페이 35원                            
114,                                싱글녀가 대형견을 키우는 이유 ㄷㄷ                            
115,                                이런 것만 하다 사라진 식스밤의 독기.gif                            
116,                                [SNL] 이다희한테 헤드락 걸린 신동엽                            
117,                                정신 나간 배민 근황.jpg                            
118,                                빛베리 뭔 일 생긴 듯..?                            
119,"                                하태경 “문재인, 잼버리 실패한 것처럼 왜곡…위기 극복 과정 쏙 빼놓고 말해”                            "
120,                                치마 입고 발차기 시범 보여주는 눈나들.mp4                            
121,                                조보아 MBC 드라마 레전드 장면 . GIF                            
122,                                요즘도 다시보는 맛있는 무협 4대장 웹툰.jpg                            
123,                                비혼주의 실상                            
124,                                노브라로 외출한 BJ 감동란                            
125,                                복싱 수싸움 수준                            
126,                                옆집 가슴 큰 여자가 찾아오는.manhwa                            
127,                                30대 이상은 아는 물건.jpg                            
128,                                박세리식 무한리필 개념                            
129,                                파파라치 공개되고 화제된 잭블랙 아들.jpg                            
130,                                서이초 사건 근황.jpg                            
131,                                서유정의 묵직한 출렁슴                            
132,                                2023년 지금 일본에서 가장 예쁘다는 AV 여배우 TOP 10                            
133,                                속옷 입고 유혹하는 아인 룩북 라면먹고 갈래                            
134,"                                장르소설 최고의 ""명작"" VS ""인기작"" 중국편 ★★★★★                            "
135,                                서울 한복판 17년 공실                            
136,                                친하게 잘 지내는 김민재 - 해리 케인 듀오.gif                            
137,                                디4 개발자 플레이 근황.jpg                            
138,                                아파트 청약율이 높아진 이유중 한부분.jpg                            
139,                                유승옥.jpg                            
140,                                역대급 웃긴실수 저지른 김채원                            
141,                                이해인 인스타                            
142,                                일론vs주커버그 격투경기 근황                            
143,                                스타로 떡상한 이시아 유튜브 수익                            
144,                                신이 내린 몸매 캔디스 스와네포엘                            
145,                                절대 페미코인을 타지 않았던 여배우.jpg                            
146,                                당근을 씻는 스킬이 엄청난 여자친구 ...gif                            
147,                                콘크리트 유토피아(노스포) ★★★★★                            
148,                                길고양이 퇴치 사업한 호주 근황                            
149,                                경매 (메구리).jpg                            
150,                                솔로몬의 딸  1991(섬노예탈출기)  노스포  ★★★★☆                            
151,"                                어릴때 구라치고 다닌 80, 90년대생 남자들                            "
152,                                가랑이에 고통받는 정예인                            
153,                                POE 3.22 대비 슈프림패파 연습후 후기                            
154,                                댓글 600개 달린 밥상 엎은 동생                            
155,                                워터밤에서 시원하게 벗겠다고 선언한 산다라박                            
156,                                학생한테 보복하는 윤석열.jpg                            
157,                                조선(고려)풍이 중국 명나라를 휩쓸다.jpg                            
158,"                                서울에서 비키니 입고 돌아다닌 여자 ""내 자유다""                            "
159,                                자살하려고 트럭 얻어타는 남자                            
160,                                산다라박 비혼 철회하자  여시 분노.                            
161,                                신민재의 엄청난 반사신경 ㄷㄷㄷ                            
162,                                콘크리트 유토피아~ ★★★★☆                            
163,                                19) 색욕 넘치는 여자교도소 경험 썰                            
164,                                찌질한 국방부.jpg                            
165,                                맵찔이들은 못먹는 서울 매운맛집...jpg                            
166,"                                女손님 속옷 비쳐 쳐다봤다가 신고당한 업주…""사과도 했는데 어떡하죠""                            "
167,                                [약후] 남자들이 베드신만 보는 영화 10 편                            
168,                                SNL 이다희 근황ㅗㅜㅑ                            
169,                                조현 브라 CF : 핫팬츠도 내려입은 것이 노림수.gif                            
170,                                '좀비버스' 감상 후기                            
171,                                한문철티비) 쩍벌녀.gif                            
172,                                경리 레전드 짤들 . JPGIF                            
173,                                잘알려지지 않은 동양인 중 체격이 가장 큰 민족                            
174,                                쯔위 몸매 근황.mp4                            
175,                                경북고 고등학생 아마추어 야구선수 피지컬.jpgif                            
176,                                풀파티 간 레드 비키니 알가슴골 소유                            
177,                                (속보) 중국 흑사병 발생!!                            
178,                                한 때 포스트 조던이라 불린 사나이.jpg                            
179,                                인생 제육맛집이 망한 이유....JPG                            
180,"                                와, 미친거 아닌가요...살벌하네 ㄷㄷㄷ                            "
181,                                담배 한번도 안펴본 사람은 모르는 사실                            
182,                                자동차세 개편 ...                            
183,                                권은비 백댄서 시절                            
184,                                맘중의 맘 근황                            
185,                                더 문 관람평 (스포x) ★☆☆☆☆                            
186,                                5수까지 해 결국 서울대 갔다는 여자.jpg                            
187,                                남자가 사정을 많이하면 뼈가 삭는다고 하는데 사실이야?                            
188,                                싼타페 신형 내부 인테리어.jpg                            
189,                                노량진에 있는 독서실 클라스 ㄷㄷ.jpg                            
190,                                어떤 삶이 더 잘사는거 같나요??                            
191,                                서프보드 애정행각 커플 근황                            
192,                                김희선이 배우 일을 시작한 의외의 이유                            
193,                                류현진의 오늘 5이닝 2피안타 승리.gif                            
194,                                1분도 못 버틸 듯                            
195,                                웹툰 박지 작가 근황.mp4                            
196,                                여배우 시드니 스위니 근황                            
197,                                인류 최초의 에이즈 환자는 어떻게 걸렸을까?                            
198,                                방 창문에 신기한게 붙어있네                            
199,                                남자 사정횟수 딱 정해줌                            
200,                                4090 Vulcan의 취향.AI                            
201,                                고양이가 사람을 문 후 핥아주는 이유.jpg                            
202,                                한국 성인 남성은 하루밤 평균 몇번의 성관계를 할 수 있을까?                            
203,                                마지막에 마지막까지 고민하다 플립 질렀습니다.                            
204,                                레깅스입고 낚시갔다가 참사난 여성                            
205,                                김나정 검정색 비키니 화보 촬영 현장                            
206,                                만성 염증에 좋은 음식들                            
207,                                올리버 쌤이 한국에서 살지 않는 이유.jpg                            
208,                                ㅇㅎ)키쿠치 히나가 개사기인 이유.jpg                            
209,                                턴하는 에스파 카리나 펄럭이는 치마                            
210,"                                허윤진 ""3d 르세라핌 콘서트""                            "
211,                                그냥 요즘 든 한국영화에 대한 생각...                            
212,                                채굴프로그램에 감염된거 같습니다                            
213,                                문재인 전 대통령 트윗                            
214,                                여유로운 레슬링 누님                            
215,                                한국 로또가 최악인 이유.jpg                            
216,                                샌디에이고 파드레스 공식 트위터에 올라 온 김하성                            
217,                                지상폭발 vs 공중폭발                            
218,                                꽃비키니 서양 틱톡녀 @therealkicaaw 몸매 .mp4                            
219,                                커피를 끊어야할 건강위험신호                            
220,                                자기 주장이 강한 야채를 싫어하는 일본 누나                            
221,                                민소매 헐렁한 가슴 컵틈 오버니검스 에이핑크 오하영                            
222,"                                한문철 TV, 오늘자 카푸어                            "
223,                                경주 천년 숲 정원입니다. [직찍]                            
224,                                신재은 VIP 월 구독료                            
225,                                나는 검찰이 무섭다  VS  안무섭다.                            
226,                                김새론 복귀!                            
227,                                지금 영끌하는 사람들은 자살준비                            
228,                                그시절 LG전자의 마케팅 레전드                            
229,                                공무원들이 왜 멱살잡히고 고성 고함 받는지 알겠다                            
230,"                                [속보] 윤석열 대통령 ""잼버리 국가 브랜드 이미지 지키는데 큰 역할""                            "
231,                                주호민 사건 그만 이야기하고 싶지만 다른분들 생각도 좀 궁금하네요.                            
232,"                                맑눈광 김아영, 신입사원 윤가이 VS 꼰대 이다희                            "
233,                                성범죄 재판에서 변호사가 현타 느끼는 순간                            
234,"                                반찬가게 메뉴 1위 ""충격""                            "
235,                                사흘간 남자친구와 20번                            
236,                                르세라핌 김채원 특이한 점                            
237,                                요즘 핫하다는 등산 유튜버 산속의백만송희 제품 리뷰.gif                            
238,                                여자가 남자를 진짜 좋아할때 보이는 몇가지 행동                            
239,                                정찬성 근황.gif                            
0,실적 작살난 이마트
1,드디어 공개된 넷플릭스 <마스크걸> 신인배우.jpg
2,맛있다고 리뷰 달았을 뿐인데…
3,[더 선 독점] 네이마르가 알 힐랄에게 요구한 특별한 요청사항
4,‘신랑수업’ 심형탁♥사야 “BTS 정국이 결혼식 하객으로 왔으면..”
5,"배달음식 발로 밀어 옮긴 배달원… ""기분 나쁘다"" vs ""그럴 수 있다"""
6,민희진 인스타에 올라온 방탄 뷔 강아지 미공개 사진
7,근육 1kg와 지방 1kg의 부피 차이
8,"[단독]'애둘아빠' 엑소 첸, 결혼+출산 3년 만에 10월 '지각 결혼식'"
9,관심없던 사람들도 이젠 궁금해진다는 서이초 학부모.jpg
10,"우여곡절 끝에…‘서울, 마이 소울’ 디자인 확정"
11,고소영 인스타스토리
12,"서울시 새 브랜드 '서울, 마이 소울' 확정"
13,광복절을 패전일이라고 했다가 해명문 쓴 뷰티 유튜버.jpg
14,(스압) 식탐글 레전드 한개
15,ㄹㅈㄷ로 남은 먹짱 신입사원 글
16,한국어에 숫자를 세다<< 이 표현이 예전에는 헤다라는 말이엇대 지금은 헤다라는 말 안 쓰잔아 근데 유일하게 남아잇는게 별을 헤다래.twt
17,'강심장리그' 다시 뛴다..10월 시즌2 컴백 [공식]
18,"무신사, 신규 앰버서더로 SM 신인 보이그룹 '라이즈' 선정"
19,[창업] 안정적인 직장 때려치우고 음식점 차렸다가 반년만에 폐업한 썰
20,"NEWS 카토 시게아키 장편 전쟁 소설 발매 (배경 1945년 8월 15일 새벽, 광복절)"
21,오펜하이머 보고왔는데 오펜하이머 보지말아야하는 사람 꼽아봄
22,한국식 교권 회복 대책 등장
23,네이마르 작별인사 스토리 올린 이강인(+네이마르 답장)
24,4.5억 달러 선에서 흥행 마무리 수순인 <엘리멘탈>
25,미친거 같았던 과거 가정환경 조사서
26,애니방에 올라온 '2달 동안 만화카페와 이북 출석체크하며 럽코만 읽은 원덬의 지극히 주관적인 한줄평들 (불호평 많음)'.jpg
27,직장 관둘 때 상사가 해준 말
28,세븐틴 승관 위버스 업데이트
29,네이마르 사우디아라비아 알힐랄 이적 오피셜
30,아이의 행동이 너무 상처가 됩니다
31,"‘장동건♥’ 고소영, 광복절에 日여행사진 올렸다 삭제→질타↑"
32,씽크대에 기름 버리면 큰일나는거 모르는 사람들 의외로 많음.jpg
33,<주의>그 말도 많던 잼버리 화장실
34,[haha ha] 열심히 고양이를 안아주는 이유
35,AKB48 62 번째 새싱글 [아이돌같은게 아니었다면]
36,방금 선공개된 세븐틴 일본 새 앨범 수록곡 <Sara Sara>
37,<오펜하이머> 개봉일 관객수 55.2만
38,aespa 에스파 Digital Single ‘Better Things’ Teaser Image
39,NCT 엔시티 【Golden Age - The 4th Album】 NCT 2023 CONNECTION #태일 #정우 #샤오쥔 #지성
40,네이버페이 100원(종료)
41,방탄소년단 뷔 솔로 앨범 ‘Layover’ Photo 2 (35장)
42,돈욕심 없는 직장인들이 하는 생각
43,아이폰 기카로만 셀카찍는다는 itzy 류진
44,놀란 감독의 새 영화 <오펜하이머>가 완벽하게 무시한 실존 여성들
45,최저 시청률 찍은 최근 놀면뭐하니.jpg
46,오펜하이머 후기 쓰는 일본인
47,콘서트 전광판 이야기 나오면 아직도 끌려나오는 워너원 콘서트.JPG
48,광복절 태극기 올린 연예인들 🇰🇷🇰🇷🇰🇷🇰🇷🇰🇷
49,가장 비슷하게 만들었다고 생각든 제로음료 TOP3
50,"성균관대 총장 “대치동 80점과 시골 독학 70점, 누구를 뽑는 게 공정인가”"
51,압구정 롤스로이스 사고남 관련 더 밝혀진 부분ㄷㄷ
52,광복절에 일본 미식가이드를 추천도서로 선정한 온라인서점
53,일본에서 초인기에 들어가기 어렵다는 한 초등학교.jpg
54,빵 가격이 비싼 이유.jpg
55,광복절 🇰🇷 박보검 인스타+트윗 업데이트
56,생일선물 필요없다는 사람들 특징
57,이상한 주문서에 놀라지 말라는 고객
58,오래 신으면 발건강에 안 좋은 신발들
59,슈주 음악성 리즈는 이때라고 생각하는 사람들도 꽤 많음
60,"기자 79% ""윤 대통령, 국정수행 잘못하고 있다"""
61,남편을 남자연예인 취급해봤다.jpg
62,어제자 최강야구 충격이었던거
63,최애+최애=좋아서 넘어가는 푸바오ㅋㅋㅋㅋㅋ
64,고소영 인스타 업뎃 삭제.jpg
65,중국에서 일어난 최악의 납치 사건
66,방탄소년단 진(본명: 김석진)을 '석지니' 라고 제일 많이 부르는 멤버는?
67,급똥 때문에 강아지 매달고 똥쌌던 디시인 근황
68,이제부터 학부모가 학교 방문하면 정문에서부터 에스코트 해드림
69,방금 올라온 일본가수 각트 트위터 (DJ소다 성추행건 관련)
70,여자 아르바이트생들의 고충
71,야구선수들 사복 희망편 vs 절망편
72,백종원이 각잡고 준비중이라는 예산시장 맥주축제.gif
73,평범녀에게 50일동안 이쁘다 한 결과...jpg
74,케이팝오타쿠들 심장 울리는 가사들 좋아함...
75,포스 장난 아니신 40년 해물파전 달인
76,요새 인기많은 빵빵이 캐릭터 여자친구 이름 유래
77,현실적인 30살 문과 출신 남자 월급.jpg
78,독립훈련 끝나고 푸바오 꼬옥 안아주는 아이바오
79,오펜하이머 봤는데 체감 6시간이다.jpg
80,"[단독] 미 국방부 '일본해' 명칭 고수하기로…""공식표기 맞다"""
81,"20살,,,고등학교 갓 졸업하고 취업해서 일할 때 생각난다.. 친구가 ""나 너희 회사 놀러가도 돼?""해서"
82,사귈때 여친 앉혀놓고 부탁한다는 남자 어떰...(feat.덱스)
83,숙박업소들 가격인상 러쉬속에서 아직도 조식 포함 5~7만원대 유지중인 호텔 체인
84,가족과 함께 오펜하이머 보러가기전 알아야할 사전정보
85,방금전 유튜브에서 한혜진이 이상형으로 밝힌 남자아이돌
86,사실상 프로듀스101 흥행의 시작이었다고 해도 과언이 아님...jpg
87,대한민국 역사상 가장 시원한 결단.jpg
88,"[단독]""강남 초등생 성폭행"" 예고글…경찰 찾아간 10대 자수"
89,‘여자친구 살해’ 해양경찰관 긴급체포…“다투다 화가 나서” 자백
90,'그냥 딱 시바 조또 만만이로 잇어봐' 이런 가사 케이팝이 있어요????????????.twt
91,현재 일본에서 화제중인 쟈니스 쥬니어 영상
92,방탄 정국 'SEVEN' 빌보드 핫100 28위 (2위🔺)(4주 연속 차트인)
93,한혜진의 소소한(?) 이상형
94,"사살된 암사자 '사순이'...""20분간 가만히 앉아있는데 발포해야 했을까"""
95,방탄소년단 지민 인스타 스토리 업뎃
96,"학부모 민원, 이제는 행정직이 담당한다"
97,"[속보] 목포 30대 여성 사망사건, 살인 혐의로 해양경찰관 체포"
98,대나무 야무지게 찢어 먹는 16년도 아기 아이바오
99,광복절에 일본 순사 코스프레하는 사람들.jpg
100,최고의 다용도 청소템 <발을 씻자> 네고왕 세일 앵콜
101,<W코리아> 방탄소년단 뷔 패션필름 2
102,sbs mbc kbs 돌 예정이라는 세븐틴 조슈아 결혼행진곡 트럭
103,팬싸인회 다녀 와서 탈덕하는 후기
104,후진하다가 사고 났는데 상대방이 제 과실이라고 합니다.gif
105,"잼버리 외국 대원 3명, 강남 코엑스서 옷 훔치다 검거"
106,제주도 탕후루의 위엄
107,카톡 이름 때문에 소개팅 까임
108,아이브 안유진 에스콰이어 9월호 커버 공개.jpg
109,충격적인 돈까스집 대기번호.jpg
110,너무 귀엽게 생긴 전 쇼트트랙 박승희 선수 아기.jpg
111,조선시대에 사이비라뇨! 당장 수정하세욧!
112,대구에서 많이 먹는 1티어 음식
113,다이어트 후 요요 올 확률 99.5%
114,인스타 프사 변경한 방탄소년단 알엠
115,메가커피 사장 한달 순수입
116,특수부대에게 비밀리에 떨어진 작전
117,日 기시다 총리 트윗
118,벤츠 샀는데 주위에서 반응이 이상해요
119,끝나지 않는 건국일 논란
120,서울 강남서 초등생 성폭행 예고글 올라와‥관내 초등학교에 경찰력 배치
121,진짜 효과 좋다는 급똥 참는 법(장문혈)
122,진짜 실소 나오는 사우디 팬 근황.twt
123,드라마속 레전드 웨딩사진들
124,라벨리 생초코바를 아시나요..?
125,"尹대통령, 광복회장·죽마고우 만류에도 ""독립운동은 건국운동"""
126,광주크록시라고도 불리는 광주광역시의 크록스 인기
127,사람은 진짜 먹는대로 냄새난다
128,[KBO] 꼴찌를 달리고 있는 키움이 답답한 강정호
129,오펜하이머 일본에서 개봉 금지.twt
130,오늘 개봉한 보호자 첫 에그지수
131,전남친이 너무 성실하고 부지런해서 헤어짐
132,색기있게 생겨서 행복함
133,종이교과서 사라지나…2025년부터 초중고 '디지털교과서' 쓴다
134,할부지가 눈꼽만 떼주고 가니까 서운해하는 푸바오
135,시대 흐름에 맞춰 대사 수정했던 치인트 순끼 작가
136,시즌2로 돌아오는거 같은 장사천재 백사장.jpg
137,도대체 얼마나 춤을 시원시원하게 잘춰야 저 두꺼운 털가죽을뚫고 춤선이 쫙쫙 나오는건지 감도안옴.twt
138,이쯤이면 동년배들 위해서라도 다시한번 작품 찍어줄때 됐다고 생각하는 배우 조합.gif
139,33살 노총각인데 눈 안낮춥니다
140,남편 요리 쓰레기통으로…오은영도 충격 ‘몰라부부’ 정체는
141,[속보] 윤석열 대통령 부친 '윤기중 교수' 별세
142,2023년 광복절 한일 상황 요약.jpg
143,[혐주의] 백범김구가 묻혀있는 효창공원 앞에 내걸려있는 현수막
144,취향 진하게 담긴 악세사리 브랜드와 숍 추천 타래.twt
145,결국 전문가들까지 등판한 초밥 무한리필 이슈
146,공부 안해서 제적을 당한 서울대 의대생.jpg
147,[1년전 집주인 vs 현재 집주인]...twt
148,"이동관, 배우자·자녀 국회 질의에 46차례나 “사생활 노출” 답변 거부"
149,최강창민 아내분이 대단한 이유
150,尹대통령 부친 윤기중 연세대 명예교수 별세
151,야구선수 SNS 레전드
152,일본문화가 메이저였다고 역사왜곡 하지마라
153,의외로 아직도 광복절 기념 게시글 안 올린 공식 계정
154,일본에서 발연기 논란이 제일 심한 아이돌.jpg
155,인스타에 여친 선물 인증한 김재중
156,덱스가 말하는 자신의 외모 gif
157,서현 인스타 업데이트🇰🇷
158,NCT 태일 부상 공지
159,십일조는 어떻게 세계를 바꾸었을까
160,잘 맞는 여성들에겐 최고의 약이라는 야즈...jpg
161,광복절 기념이라면서 대한민국 헌법을 부정한 국가보훈처.twt
162,"디즈니 플러스 드라마 ""무빙""에서 참신하다는 평이 많은 드라마 추가 설정"
163,원덬기준 대한민국 보이그룹 역사를 대표하는 6팀
164,"[단독] 일 지방의회, 손기정 입에 올리며 “한국 식민지배한 적 없다” 망언"
165,한국 락이 안되는 이유.jpg
166,"개편 후로 자막, 드립 관련해서 말 나오는 놀면뭐하니.jpg"
167,"[속보] 尹대통령 ""담대한 구상 흔들림 없어…압도적 힘으로 평화 구축"""
168,"[속보] 尹대통령 ""北핵미사일 차단 위해 한미일 실시간 정보공유 필요"""
169,"[속보] 尹대통령 ""일본, 보편 가치 공유·공동 이익 추구하는 파트너"""
170,"[속보] 尹대통령 ""공산 세력, 민주·인권·진보로 위장해 패륜 공작"""
171,"[속보] 尹대통령 ""공산주의 맹종하며 선동하는 반국가세력 여전히 활개"""
172,"[속보] 尹대통령 ""독립운동, 자유민주 국가 위한 건국 운동"""
173,현시각 뉴욕 월스트리트 근황
174,강아지랑 제주도여행 가지마라..........
175,지드래곤 인스타 업뎃🇰🇷
176,현재 떡밥이 떠내려가는 수준인 방탄 뷔 덕들의 탐라 상황..(스압)
177,"""안타깝다"" 반응 나오는 박봄 근황…'요요 걱정' 그만"
178,보기만 해도 따뜻해지는 송바오&푸바오.jpgif (feat. 송바오님 싸움 잘하나요?)
179,실시간 용산 CGV상황.gif
